日期,委托时间,品种,标的,交易类型,下单类型,成交数量,成交价,成交额,委托数量,委托价格,平仓盈亏,手续费,状态,最后更新时间
2020-04-29,10:00:00,基金,银华日利(511880.XSHG),买,市价单,900股,100.841,90756.9,900股,-,0,0,全部成交,2020-04-29 10:00:00
2020-05-07,10:00:00,基金,银华日利(511880.XSHG),卖,市价单,-900股,100.859,-90773.1,-900股,-,16.2,0,全部成交,2020-05-07 10:00:00
2020-05-07,10:00:00,股票,三变科技(002112.XSHE),买,市价单,4900股,6.77,33173,4900股,-,0,8.29,全部成交,2020-05-07 10:00:00
2020-05-07,10:00:00,股票,通达动力(002576.XSHE),买,市价单,3700股,8.82,32634,3700股,-,0,8.16,全部成交,2020-05-07 10:00:00
2020-05-07,10:00:00,股票,联诚精密(002921.XSHE),买,市价单,1800股,18.49,33282,1800股,-,0,8.32,全部成交,2020-05-07 10:00:00
2020-05-12,10:00:00,股票,英派斯(002899.XSHE),买,市价单,100股,12.65,1265,100股,-,0,5,全部成交,2020-05-12 10:00:00
2020-06-02,10:00:00,股票,英派斯(002899.XSHE),卖,市价单,-100股,13.38,-1338,-100股,-,73,6.34,全部成交,2020-06-02 10:00:00
2020-06-09,10:00:00,股票,英派斯(002899.XSHE),买,市价单,100股,13.26,1326,100股,-,0,5,全部成交,2020-06-09 10:00:00
2020-06-15,14:00:00,股票,通达动力(002576.XSHE),卖,市价单,-3700股,11.33,-41921,-3700股,-,9287,52.4,全部成交,2020-06-15 14:00:00
2020-06-16,10:00:00,股票,宏达高科(002144.XSHE),买,市价单,4500股,9.19,41355,4500股,-,0,10.34,全部成交,2020-06-16 10:00:00
2020-06-17,14:00:00,股票,三变科技(002112.XSHE),卖,市价单,-4900股,7.39,-36211,-4900股,-,3038,45.26,全部成交,2020-06-17 14:00:00
2020-06-23,10:00:00,股票,联诚精密(002921.XSHE),卖,市价单,-1800股,20.6,-37080,-1800股,-,4338,46.35,全部成交,2020-06-23 10:00:00
2020-06-23,10:00:00,股票,三变科技(002112.XSHE),买,市价单,9800股,7.5,73500,9800股,-,0,18.38,全部成交,2020-06-23 10:00:00
2020-07-14,14:00:00,股票,三变科技(002112.XSHE),卖,市价单,-9800股,10.28,-100744,-9800股,-,27244,125.93,全部成交,2020-07-14 14:00:00
2020-07-21,10:00:00,股票,联诚精密(002921.XSHE),买,市价单,2300股,21.7,49910,2300股,-,0,12.48,全部成交,2020-07-21 10:00:00
2020-07-21,10:00:00,股票,如意集团(002193.XSHE),买,市价单,7100股,7.07,50197,7100股,-,0,12.55,全部成交,2020-07-21 10:00:00
2020-07-28,10:00:00,股票,三变科技(002112.XSHE),买,市价单,100股,8.97,897,100股,-,0,5,全部成交,2020-07-28 10:00:00
2020-07-30,14:00:00,股票,三变科技(002112.XSHE),卖,市价单,-100股,9.64,-964,-100股,-,67,5.96,全部成交,2020-07-30 14:00:00
2020-07-31,14:00:00,股票,英派斯(002899.XSHE),卖,市价单,-100股,15.86,-1586,-100股,-,260,6.59,全部成交,2020-07-31 14:00:00
2020-08-04,10:00:00,股票,如意集团(002193.XSHE),卖,市价单,-7100股,7.43,-52753,-7100股,-,2556,65.94,全部成交,2020-08-04 10:00:00
2020-08-04,10:00:00,股票,英派斯(002899.XSHE),买,市价单,3400股,15.92,54128,3400股,-,0,13.53,全部成交,2020-08-04 10:00:00
2020-08-11,10:00:00,股票,英派斯(002899.XSHE),卖,市价单,-3400股,15.25,-51850,-3400股,-,-2278,64.81,全部成交,2020-08-11 10:00:00
2020-08-11,10:00:00,股票,天顺股份(002800.XSHE),买,市价单,1100股,23.48,25828,1100股,-,0,6.46,全部成交,2020-08-11 10:00:00
2020-08-11,10:00:00,股票,三变科技(002112.XSHE),买,市价单,2900股,9.09,26361,2900股,-,0,6.59,全部成交,2020-08-11 10:00:00
2020-08-18,10:00:00,股票,宏达高科(002144.XSHE),卖,市价单,-4500股,11.07,-49815,-4500股,-,8910,62.27,全部成交,2020-08-18 10:00:00
2020-08-18,10:00:00,股票,英派斯(002899.XSHE),买,市价单,3100股,16.17,50127,3100股,-,0,12.53,全部成交,2020-08-18 10:00:00
2020-08-19,14:00:00,股票,天顺股份(002800.XSHE),卖,市价单,-1100股,26.15,-28765,-1100股,-,2937,35.96,全部成交,2020-08-19 14:00:00
2020-08-25,10:00:00,股票,联诚精密(002921.XSHE),卖,市价单,-2300股,24,-55200,-2300股,-,5290,69,全部成交,2020-08-25 10:00:00
2020-08-25,10:00:00,股票,英派斯(002899.XSHE),卖,市价单,-3100股,16.17,-50127,-3100股,-,0,62.66,全部成交,2020-08-25 10:00:00
2020-08-25,10:00:00,股票,顾地科技(002694.XSHE),买,市价单,14300股,3.12,44616,14300股,-,0,11.15,全部成交,2020-08-25 10:00:00
2020-08-25,10:00:00,股票,天顺股份(002800.XSHE),买,市价单,1700股,25.16,42772,1700股,-,0,10.69,全部成交,2020-08-25 10:00:00
2020-08-25,10:00:00,股票,宏达高科(002144.XSHE),买,市价单,4100股,10.87,44567,4100股,-,0,11.14,全部成交,2020-08-25 10:00:00
2020-09-01,10:00:00,股票,宏达高科(002144.XSHE),卖,市价单,-4100股,10.95,-44895,-4100股,-,328,56.12,全部成交,2020-09-01 10:00:00
2020-09-01,10:00:00,股票,名雕股份(002830.XSHE),买,市价单,3300股,13.96,46068,3300股,-,0,11.52,全部成交,2020-09-01 10:00:00
2020-09-08,10:00:00,股票,顾地科技(002694.XSHE),卖,市价单,-14300股,3.32,-47476,-14300股,-,2860,59.34,全部成交,2020-09-08 10:00:00
2020-09-08,10:00:00,股票,英派斯(002899.XSHE),买,市价单,1600股,15.07,24112,1600股,-,0,6.03,全部成交,2020-09-08 10:00:00
2020-09-08,10:00:00,股票,联诚精密(002921.XSHE),买,市价单,1000股,22.48,22480,1000股,-,0,5.62,全部成交,2020-09-08 10:00:00
2020-09-11,10:00:00,股票,天顺股份(002800.XSHE),卖,市价单,-1700股,22.52,-38284,-1700股,-,-4488,47.86,全部成交,2020-09-11 10:00:00
2020-09-15,10:00:00,股票,名雕股份(002830.XSHE),卖,市价单,-3300股,14.6,-48180,-3300股,-,2112,60.22,全部成交,2020-09-15 10:00:00
2020-09-15,10:00:00,股票,天顺股份(002800.XSHE),买,市价单,1900股,22.6,42940,1900股,-,0,10.74,全部成交,2020-09-15 10:00:00
2020-09-15,10:00:00,股票,贝肯能源(002828.XSHE),买,市价单,4700股,9.3,43710,4700股,-,0,10.93,全部成交,2020-09-15 10:00:00
2020-09-22,10:00:00,股票,天顺股份(002800.XSHE),卖,市价单,-1900股,24.3,-46170,-1900股,-,3230,57.71,全部成交,2020-09-22 10:00:00
2020-09-22,10:00:00,股票,贝肯能源(002828.XSHE),卖,市价单,-4700股,9.35,-43945,-4700股,-,235,54.93,全部成交,2020-09-22 10:00:00
2020-09-22,10:00:00,股票,凤形股份(002760.XSHE),买,市价单,4400股,20.51,90244,4400股,-,0,22.56,全部成交,2020-09-22 10:00:00
2020-09-25,10:00:00,股票,三变科技(002112.XSHE),卖,市价单,-2900股,8.27,-23983,-2900股,-,-2378,29.98,全部成交,2020-09-25 10:00:00
2020-09-29,10:00:00,股票,英派斯(002899.XSHE),卖,市价单,-1600股,14.79,-23664,-1600股,-,-448,29.58,全部成交,2020-09-29 10:00:00
2020-09-29,10:00:00,股票,凤形股份(002760.XSHE),卖,市价单,-4400股,20.16,-88704,-4400股,-,-1540,110.88,全部成交,2020-09-29 10:00:00
2020-09-29,10:00:00,股票,天顺股份(002800.XSHE),买,市价单,1500股,21.51,32265,1500股,-,0,8.07,全部成交,2020-09-29 10:00:00
2020-09-29,10:00:00,股票,三变科技(002112.XSHE),买,市价单,4200股,8.13,34146,4200股,-,0,8.54,全部成交,2020-09-29 10:00:00
2020-09-29,10:00:00,股票,名雕股份(002830.XSHE),买,市价单,2800股,12.28,34384,2800股,-,0,8.6,全部成交,2020-09-29 10:00:00
2020-09-29,10:00:00,股票,顾地科技(002694.XSHE),买,市价单,11600股,2.95,34220,11600股,-,0,8.56,全部成交,2020-09-29 10:00:00
2020-09-29,10:00:00,股票,联诚精密(002921.XSHE),卖,市价单,-1000股,20.39,-20390,-1000股,-,-2090,25.49,全部成交,2020-09-29 10:00:00
2020-10-09,10:00:00,股票,顾地科技(002694.XSHE),卖,市价单,-11600股,2.98,-34568,-11600股,-,348,43.21,全部成交,2020-10-09 10:00:00
2020-10-09,10:00:00,股票,联诚精密(002921.XSHE),买,市价单,2700股,20.97,56619,2700股,-,0,14.15,全部成交,2020-10-09 10:00:00
2020-10-12,14:00:00,股票,名雕股份(002830.XSHE),卖,市价单,-2800股,13.66,-38248,-2800股,-,3864,47.81,全部成交,2020-10-12 14:00:00
2020-10-13,10:00:00,股票,凤形股份(002760.XSHE),买,市价单,600股,20.61,12366,600股,-,0,5,全部成交,2020-10-13 10:00:00
2020-10-13,10:00:00,股票,名雕股份(002830.XSHE),买,市价单,900股,13.43,12087,900股,-,0,5,全部成交,2020-10-13 10:00:00
2020-10-13,10:00:00,股票,如意集团(002193.XSHE),买,市价单,1800股,6.99,12582,1800股,-,0,5,全部成交,2020-10-13 10:00:00
2020-10-20,10:00:00,股票,联诚精密(002921.XSHE),卖,市价单,-2700股,23.05,-62235,-2700股,-,5616,77.79,全部成交,2020-10-20 10:00:00
2020-10-20,10:00:00,股票,如意集团(002193.XSHE),卖,市价单,-1800股,7.1,-12780,-1800股,-,198,17.78,全部成交,2020-10-20 10:00:00
2020-10-20,10:00:00,股票,顾地科技(002694.XSHE),买,市价单,12800股,2.99,38272,12800股,-,0,9.57,全部成交,2020-10-20 10:00:00
2020-10-20,10:00:00,股票,精艺股份(002295.XSHE),买,市价单,5300股,7.21,38213,5300股,-,0,9.55,全部成交,2020-10-20 10:00:00
2020-10-27,10:00:00,股票,三变科技(002112.XSHE),卖,市价单,-4200股,9.04,-37968,-4200股,-,3822,47.46,全部成交,2020-10-27 10:00:00
2020-10-27,10:00:00,股票,精艺股份(002295.XSHE),卖,市价单,-5300股,7.16,-37948,-5300股,-,-265,47.44,全部成交,2020-10-27 10:00:00
2020-10-27,10:00:00,股票,如意集团(002193.XSHE),买,市价单,11000股,6.87,75570,11000股,-,0,18.89,全部成交,2020-10-27 10:00:00
2020-11-03,10:00:00,股票,凤形股份(002760.XSHE),卖,市价单,-600股,18.87,-11322,-600股,-,-1044,16.32,全部成交,2020-11-03 10:00:00
2020-11-03,10:00:00,股票,顾地科技(002694.XSHE),卖,市价单,-12800股,2.76,-35328,-12800股,-,-2944,44.16,全部成交,2020-11-03 10:00:00
2020-11-03,10:00:00,股票,如意集团(002193.XSHE),卖,市价单,-11000股,6.62,-72820,-11000股,-,-2750,91.02,全部成交,2020-11-03 10:00:00
2020-11-03,10:00:00,股票,达意隆(002209.XSHE),买,市价单,7900股,7.51,59329,7900股,-,0,14.83,全部成交,2020-11-03 10:00:00
2020-11-03,10:00:00,股票,三特索道(002159.XSHE),买,市价单,4900股,12.12,59388,4900股,-,0,14.85,全部成交,2020-11-03 10:00:00
2020-11-06,10:00:00,股票,名雕股份(002830.XSHE),卖,市价单,-900股,12.21,-10989,-900股,-,-1098,15.99,全部成交,2020-11-06 10:00:00
2020-11-10,10:00:00,股票,天顺股份(002800.XSHE),卖,市价单,-1500股,22.22,-33330,-1500股,-,1065,41.66,全部成交,2020-11-10 10:00:00
2020-11-10,10:00:00,股票,三特索道(002159.XSHE),卖,市价单,-4900股,12.49,-61201,-4900股,-,1813,76.5,全部成交,2020-11-10 10:00:00
2020-11-10,10:00:00,股票,名雕股份(002830.XSHE),买,市价单,4400股,12.07,53108,4400股,-,0,13.28,全部成交,2020-11-10 10:00:00
2020-11-10,10:00:00,股票,世龙实业(002748.XSHE),买,市价单,7600股,6.93,52668,7600股,-,0,13.17,全部成交,2020-11-10 10:00:00
2020-11-24,10:00:00,股票,世龙实业(002748.XSHE),卖,市价单,-7600股,7.1,-53960,-7600股,-,1292,67.45,全部成交,2020-11-24 10:00:00
2020-11-24,10:00:00,股票,天顺股份(002800.XSHE),买,市价单,1200股,21.74,26088,1200股,-,0,6.52,全部成交,2020-11-24 10:00:00
2020-11-24,10:00:00,股票,凤形股份(002760.XSHE),买,市价单,1400股,19.18,26852,1400股,-,0,6.71,全部成交,2020-11-24 10:00:00
2020-12-08,10:00:00,股票,凤形股份(002760.XSHE),卖,市价单,-1400股,19.19,-26866,-1400股,-,14,33.58,全部成交,2020-12-08 10:00:00
2020-12-08,10:00:00,股票,世龙实业(002748.XSHE),买,市价单,4100股,6.93,28413,4100股,-,0,7.1,全部成交,2020-12-08 10:00:00
2020-12-17,10:00:00,股票,名雕股份(002830.XSHE),卖,市价单,-4400股,10.67,-46948,-4400股,-,-6160,58.68,全部成交,2020-12-17 10:00:00
2020-12-17,10:00:00,股票,天顺股份(002800.XSHE),卖,市价单,-1200股,19.62,-23544,-1200股,-,-2544,29.43,全部成交,2020-12-17 10:00:00
2020-12-22,10:00:00,股票,名雕股份(002830.XSHE),买,市价单,3200股,10.77,34464,3200股,-,0,8.62,全部成交,2020-12-22 10:00:00
2020-12-22,10:00:00,股票,天顺股份(002800.XSHE),买,市价单,1700股,19.61,33337,1700股,-,0,8.33,全部成交,2020-12-22 10:00:00
2020-12-24,10:00:00,股票,达意隆(002209.XSHE),卖,市价单,-7900股,6.77,-53483,-7900股,-,-5846,66.85,全部成交,2020-12-24 10:00:00
2020-12-24,10:00:00,股票,世龙实业(002748.XSHE),卖,市价单,-4100股,6.16,-25256,-4100股,-,-3157,31.57,全部成交,2020-12-24 10:00:00
2020-12-29,10:00:00,股票,达意隆(002209.XSHE),买,市价单,6100股,6.6,40260,6100股,-,0,10.06,全部成交,2020-12-29 10:00:00
2020-12-29,10:00:00,股票,凤形股份(002760.XSHE),买,市价单,2400股,16.63,39912,2400股,-,0,9.98,全部成交,2020-12-29 10:00:00
2020-12-30,14:00:00,股票,天顺股份(002800.XSHE),卖,市价单,-1700股,19.2,-32640,-1700股,-,-697,40.8,全部成交,2020-12-30 14:00:00
2021-01-04,14:50:00,股票,名雕股份(002830.XSHE),卖,市价单,-3200股,10.6,-33920,-3200股,-,-544,42.4,全部成交,2021-01-04 14:50:00
2021-01-04,14:50:00,股票,达意隆(002209.XSHE),卖,市价单,-6100股,6.92,-42212,-6100股,-,1952,52.76,全部成交,2021-01-04 14:50:00
2021-01-04,14:50:00,股票,凤形股份(002760.XSHE),卖,市价单,-2400股,17.27,-41448,-2400股,-,1536,51.81,全部成交,2021-01-04 14:50:00
2021-01-05,10:00:00,基金,银华日利(511880.XSHG),买,市价单,1500股,100.143,150214.5,1500股,-,0,0,全部成交,2021-01-05 10:00:00
2021-02-02,10:00:00,基金,银华日利(511880.XSHG),卖,市价单,-1500股,100.321,-150481.5,-1500股,-,267,0,全部成交,2021-02-02 10:00:00
2021-02-02,10:00:00,股票,达意隆(002209.XSHE),买,市价单,6400股,5.83,37312,6400股,-,0,9.33,全部成交,2021-02-02 10:00:00
2021-02-02,10:00:00,股票,名雕股份(002830.XSHE),买,市价单,4300股,8.67,37281,4300股,-,0,9.32,全部成交,2021-02-02 10:00:00
2021-02-02,10:00:00,股票,世龙实业(002748.XSHE),买,市价单,7300股,5.17,37741,7300股,-,0,9.44,全部成交,2021-02-02 10:00:00
2021-02-02,10:00:00,股票,天顺股份(002800.XSHE),买,市价单,2200股,17.1,37620,2200股,-,0,9.4,全部成交,2021-02-02 10:00:00
2021-02-09,10:00:00,股票,天顺股份(002800.XSHE),卖,市价单,-2200股,16.3,-35860,-2200股,-,-1760,44.82,全部成交,2021-02-09 10:00:00
2021-02-09,10:00:00,股票,中坚科技(002779.XSHE),买,市价单,4000股,9.25,37000,4000股,-,0,9.25,全部成交,2021-02-09 10:00:00
2021-02-09,10:00:00,股票,达意隆(002209.XSHE),卖,市价单,-6400股,5.25,-33600,-6400股,-,-3712,42,全部成交,2021-02-09 10:00:00
2021-02-19,10:00:00,股票,中坚科技(002779.XSHE),卖,市价单,-4000股,10.15,-40600,-4000股,-,3600,50.75,全部成交,2021-02-19 10:00:00
2021-02-19,10:00:00,股票,达意隆(002209.XSHE),买,市价单,13100股,5.65,74015,13100股,-,0,18.5,全部成交,2021-02-19 10:00:00
2021-03-30,10:00:00,股票,名雕股份(002830.XSHE),卖,市价单,-4300股,11.09,-47687,-4300股,-,10406,59.61,全部成交,2021-03-30 10:00:00
2021-03-30,10:00:00,股票,中坚科技(002779.XSHE),买,市价单,2300股,10.38,23874,2300股,-,0,5.97,全部成交,2021-03-30 10:00:00
2021-03-30,10:00:00,股票,三变科技(002112.XSHE),买,市价单,3300股,7.1,23430,3300股,-,0,5.86,全部成交,2021-03-30 10:00:00
2021-04-01,14:50:00,股票,世龙实业(002748.XSHE),卖,市价单,-7300股,5.57,-40661,-7300股,-,2920,50.83,全部成交,2021-04-01 14:50:00
2021-04-01,14:50:00,股票,达意隆(002209.XSHE),卖,市价单,-13100股,6.41,-83971,-13100股,-,9956,104.96,全部成交,2021-04-01 14:50:00
2021-04-01,14:50:00,股票,中坚科技(002779.XSHE),卖,市价单,-2300股,10.4,-23920,-2300股,-,46,29.9,全部成交,2021-04-01 14:50:00
2021-04-01,14:50:00,股票,三变科技(002112.XSHE),卖,市价单,-3300股,7.22,-23826,-3300股,-,396,29.78,全部成交,2021-04-01 14:50:00
2021-04-07,10:00:00,基金,银华日利(511880.XSHG),买,市价单,1700股,100.722,171227.4,1700股,-,0,0,全部成交,2021-04-07 10:00:00
2021-05-07,10:00:00,基金,银华日利(511880.XSHG),卖,市价单,-1700股,100.893,-171518.1,-1700股,-,290.7,0,全部成交,2021-05-07 10:00:00
2021-05-07,10:00:00,股票,达意隆(002209.XSHE),买,市价单,6700股,6.38,42746,6700股,-,0,10.69,全部成交,2021-05-07 10:00:00
2021-05-07,10:00:00,股票,三变科技(002112.XSHE),买,市价单,6300股,6.78,42714,6300股,-,0,10.68,全部成交,2021-05-07 10:00:00
2021-05-07,10:00:00,股票,天顺股份(002800.XSHE),买,市价单,2200股,19.27,42394,2200股,-,0,10.6,全部成交,2021-05-07 10:00:00
2021-05-07,10:00:00,股票,威星智能(002849.XSHE),买,市价单,3900股,10.92,42588,3900股,-,0,10.65,全部成交,2021-05-07 10:00:00
2021-05-25,10:00:00,股票,威星智能(002849.XSHE),卖,市价单,-3900股,11.94,-46566,-3900股,-,3978,58.21,全部成交,2021-05-25 10:00:00
2021-05-25,10:00:00,股票,世龙实业(002748.XSHE),买,市价单,7800股,6.27,48906,7800股,-,0,12.23,全部成交,2021-05-25 10:00:00
2021-06-01,10:00:00,股票,世龙实业(002748.XSHE),卖,市价单,-7800股,6.04,-47112,-7800股,-,-1794,58.89,全部成交,2021-06-01 10:00:00
2021-06-08,10:00:00,股票,世龙实业(002748.XSHE),买,市价单,7400股,6.32,46768,7400股,-,0,11.69,全部成交,2021-06-08 10:00:00
2021-06-16,10:00:00,股票,世龙实业(002748.XSHE),卖,市价单,-7400股,6.78,-50172,-7400股,-,3404,62.72,全部成交,2021-06-16 10:00:00
2021-06-16,10:00:00,股票,富临运业(002357.XSHE),买,市价单,10300股,4.88,50264,10300股,-,0,12.57,全部成交,2021-06-16 10:00:00
2021-06-22,10:00:00,股票,富临运业(002357.XSHE),卖,市价单,-10300股,5.03,-51809,-10300股,-,1545,64.76,全部成交,2021-06-22 10:00:00
2021-06-22,10:00:00,股票,中设股份(002883.XSHE),买,市价单,4400股,11.71,51524,4400股,-,0,12.88,全部成交,2021-06-22 10:00:00
2021-06-29,10:00:00,股票,中设股份(002883.XSHE),卖,市价单,-4400股,11.52,-50688,-4400股,-,-836,63.36,全部成交,2021-06-29 10:00:00
2021-07-06,10:00:00,股票,中设股份(002883.XSHE),买,市价单,4400股,11.54,50776,4400股,-,0,12.69,全部成交,2021-07-06 10:00:00
2021-07-13,10:00:00,股票,中设股份(002883.XSHE),卖,市价单,-4400股,11.2,-49280,-4400股,-,-1496,61.6,全部成交,2021-07-13 10:00:00
2021-07-20,10:00:00,股票,弘宇股份(002890.XSHE),买,市价单,3300股,14.78,48774,3300股,-,0,12.19,全部成交,2021-07-20 10:00:00
2021-07-27,10:00:00,股票,三变科技(002112.XSHE),卖,市价单,-6300股,7.18,-45234,-6300股,-,2520,56.54,全部成交,2021-07-27 10:00:00
2021-07-27,10:00:00,股票,中设股份(002883.XSHE),买,市价单,4400股,10.27,45188,4400股,-,0,11.3,全部成交,2021-07-27 10:00:00
2021-07-27,10:00:00,股票,天顺股份(002800.XSHE),卖,市价单,-3080股,12.4,-38192,-3080股,-,-4028.2,47.74,全部成交,2021-07-27 10:00:00
2021-08-03,10:00:00,股票,天顺股份(002800.XSHE),买,市价单,3100股,12.52,38812,3100股,-,0,9.7,全部成交,2021-08-03 10:00:00
2021-08-10,10:00:00,股票,弘宇股份(002890.XSHE),卖,市价单,-3300股,15.73,-51909,-3300股,-,3135,64.89,全部成交,2021-08-10 10:00:00
2021-08-17,10:00:00,股票,如意集团(002193.XSHE),买,市价单,9400股,5.5,51700,9400股,-,0,12.92,全部成交,2021-08-17 10:00:00
2021-08-24,10:00:00,股票,达意隆(002209.XSHE),卖,市价单,-6700股,7.64,-51188,-6700股,-,8509,63.98,全部成交,2021-08-24 10:00:00
2021-08-24,10:00:00,股票,华斯股份(002494.XSHE),买,市价单,13900股,3.7,51430,13900股,-,0,12.86,全部成交,2021-08-24 10:00:00
2021-08-31,10:00:00,股票,如意集团(002193.XSHE),卖,市价单,-9400股,5.5,-51700,-9400股,-,0,64.62,全部成交,2021-08-31 10:00:00
2021-08-31,10:00:00,股票,国统股份(002205.XSHE),买,市价单,6900股,7.49,51681,6900股,-,0,12.92,全部成交,2021-08-31 10:00:00
2021-09-14,10:00:00,股票,华斯股份(002494.XSHE),卖,市价单,-13900股,4.22,-58658,-13900股,-,7228,73.32,全部成交,2021-09-14 10:00:00
2021-09-14,10:00:00,股票,国统股份(002205.XSHE),卖,市价单,-6900股,7.99,-55131,-6900股,-,3450,68.91,全部成交,2021-09-14 10:00:00
2021-09-14,10:00:00,股票,名雕股份(002830.XSHE),买,市价单,10900股,10.4,113360,10900股,-,0,28.34,全部成交,2021-09-14 10:00:00
2021-10-20,14:00:00,股票,天顺股份(002800.XSHE),卖,市价单,-3100股,14.24,-44144,-3100股,-,5332,55.18,全部成交,2021-10-20 14:00:00
2021-10-21,10:00:00,股票,名雕股份(002830.XSHE),卖,市价单,-10900股,9.42,-102678,-10900股,-,-10682,128.35,全部成交,2021-10-21 10:00:00
2021-10-26,10:00:00,股票,名雕股份(002830.XSHE),买,市价单,5300股,9.1,48230,5300股,-,0,12.06,全部成交,2021-10-26 10:00:00
2021-10-26,10:00:00,股票,三变科技(002112.XSHE),买,市价单,7000股,6.9,48300,7000股,-,0,12.08,全部成交,2021-10-26 10:00:00
2021-10-26,10:00:00,股票,恒大高新(002591.XSHE),买,市价单,10000股,4.85,48500,10000股,-,0,12.12,全部成交,2021-10-26 10:00:00
2021-11-02,10:00:00,股票,恒大高新(002591.XSHE),卖,市价单,-10000股,5.02,-50200,-10000股,-,1700,62.75,全部成交,2021-11-02 10:00:00
2021-11-02,10:00:00,股票,如意集团(002193.XSHE),买,市价单,9700股,5.35,51895,9700股,-,0,12.97,全部成交,2021-11-02 10:00:00
2021-11-10,14:00:00,股票,如意集团(002193.XSHE),卖,市价单,-9700股,6.14,-59558,-9700股,-,7663,74.45,全部成交,2021-11-10 14:00:00
2021-11-16,10:00:00,股票,天顺股份(002800.XSHE),买,市价单,4200股,14.12,59304,4200股,-,0,14.83,全部成交,2021-11-16 10:00:00
2021-11-23,10:00:00,股票,天顺股份(002800.XSHE),卖,市价单,-4200股,14.13,-59346,-4200股,-,42,74.18,全部成交,2021-11-23 10:00:00
2021-11-30,10:00:00,股票,三变科技(002112.XSHE),卖,市价单,-7000股,7.8,-54600,-7000股,-,6300,68.25,全部成交,2021-11-30 10:00:00
2021-11-30,10:00:00,股票,天顺股份(002800.XSHE),买,市价单,4000股,13.92,55680,4000股,-,0,13.92,全部成交,2021-11-30 10:00:00
2021-11-30,10:00:00,股票,富临运业(002357.XSHE),买,市价单,11400股,4.98,56772,11400股,-,0,14.19,全部成交,2021-11-30 10:00:00
2021-12-07,10:00:00,股票,富临运业(002357.XSHE),卖,市价单,-11400股,5.23,-59622,-11400股,-,2850,74.53,全部成交,2021-12-07 10:00:00
2021-12-07,10:00:00,股票,三变科技(002112.XSHE),买,市价单,8300股,7.28,60424,8300股,-,0,15.11,全部成交,2021-12-07 10:00:00
2021-12-14,10:00:00,股票,天顺股份(002800.XSHE),卖,市价单,-4000股,14.96,-59840,-4000股,-,4160,74.8,全部成交,2021-12-14 10:00:00
2021-12-16,14:00:00,股票,三变科技(002112.XSHE),卖,市价单,-8300股,8.28,-68724,-8300股,-,8300,85.9,全部成交,2021-12-16 14:00:00
2021-12-21,10:00:00,股票,实丰文化(002862.XSHE),买,市价单,3100股,13.47,41757,3100股,-,0,10.44,全部成交,2021-12-21 10:00:00
2021-12-21,10:00:00,股票,友邦吊顶(002718.XSHE),买,市价单,3400股,12.56,42704,3400股,-,0,10.68,全部成交,2021-12-21 10:00:00
2021-12-21,10:00:00,股票,恒大高新(002591.XSHE),买,市价单,7600股,5.6,42560,7600股,-,0,10.64,全部成交,2021-12-21 10:00:00
2021-12-28,10:00:00,股票,友邦吊顶(002718.XSHE),卖,市价单,-3400股,12.65,-43010,-3400股,-,306,53.76,全部成交,2021-12-28 10:00:00
2021-12-28,10:00:00,股票,恒大高新(002591.XSHE),卖,市价单,-7600股,5.46,-41496,-7600股,-,-1064,51.87,全部成交,2021-12-28 10:00:00
2021-12-28,10:00:00,股票,三变科技(002112.XSHE),买,市价单,10900股,7.92,86328,10900股,-,0,21.58,全部成交,2021-12-28 10:00:00
2021-12-31,14:00:00,股票,中设股份(002883.XSHE),卖,市价单,-4400股,12.75,-56100,-4400股,-,10912,70.12,全部成交,2021-12-31 14:00:00
2022-01-04,14:50:00,股票,名雕股份(002830.XSHE),卖,市价单,-5300股,10.93,-57929,-5300股,-,9699,72.41,全部成交,2022-01-04 14:50:00
2022-01-04,14:50:00,股票,实丰文化(002862.XSHE),卖,市价单,-3100股,14.28,-44268,-3100股,-,2511,55.34,全部成交,2022-01-04 14:50:00
2022-01-04,14:50:00,股票,三变科技(002112.XSHE),卖,市价单,-10900股,8.27,-90143,-10900股,-,3815,112.68,全部成交,2022-01-04 14:50:00
2022-01-05,10:00:00,基金,银华日利(511880.XSHG),买,市价单,2400股,100.115,240276,2400股,-,0,0,全部成交,2022-01-05 10:00:00
2022-02-08,10:00:00,基金,银华日利(511880.XSHG),卖,市价单,-2400股,100.353,-240847.2,-2400股,-,571.2,0,全部成交,2022-02-08 10:00:00
2022-02-08,10:00:00,股票,名雕股份(002830.XSHE),买,市价单,4600股,10.61,48806,4600股,-,0,12.2,全部成交,2022-02-08 10:00:00
2022-02-08,10:00:00,股票,中设股份(002883.XSHE),买,市价单,4100股,11.96,49036,4100股,-,0,12.26,全部成交,2022-02-08 10:00:00
2022-02-08,10:00:00,股票,三变科技(002112.XSHE),买,市价单,6500股,7.62,49530,6500股,-,0,12.38,全部成交,2022-02-08 10:00:00
2022-02-08,10:00:00,股票,天顺股份(002800.XSHE),买,市价单,3400股,14.23,48382,3400股,-,0,12.1,全部成交,2022-02-08 10:00:00
2022-02-08,10:00:00,股票,麦趣尔(002719.XSHE),买,市价单,5500股,9.04,49720,5500股,-,0,12.43,全部成交,2022-02-08 10:00:00
2022-02-15,10:00:00,股票,麦趣尔(002719.XSHE),卖,市价单,-5500股,8.84,-48620,-5500股,-,-1100,60.78,全部成交,2022-02-15 10:00:00
2022-02-15,14:00:00,股票,名雕股份(002830.XSHE),卖,市价单,-4600股,11.82,-54372,-4600股,-,5566,67.96,全部成交,2022-02-15 14:00:00
2022-02-17,14:00:00,股票,三变科技(002112.XSHE),卖,市价单,-6500股,8.1,-52650,-6500股,-,3120,65.81,全部成交,2022-02-17 14:00:00
2022-02-22,10:00:00,股票,天顺股份(002800.XSHE),卖,市价单,-3400股,14.55,-49470,-3400股,-,1088,61.84,全部成交,2022-02-22 10:00:00
2022-02-22,10:00:00,股票,名雕股份(002830.XSHE),买,市价单,8800股,11.75,103400,8800股,-,0,25.85,全部成交,2022-02-22 10:00:00
2022-02-22,10:00:00,股票,麦趣尔(002719.XSHE),买,市价单,11400股,9.1,103740,11400股,-,0,25.94,全部成交,2022-02-22 10:00:00
2022-03-01,10:00:00,股票,麦趣尔(002719.XSHE),卖,市价单,-11400股,9.02,-102828,-11400股,-,-912,128.54,全部成交,2022-03-01 10:00:00
2022-03-01,10:00:00,股票,实丰文化(002862.XSHE),买,市价单,3900股,12.98,50622,3900股,-,0,12.66,全部成交,2022-03-01 10:00:00
2022-03-01,10:00:00,股票,如意集团(002193.XSHE),买,市价单,8700股,5.89,51243,8700股,-,0,12.81,全部成交,2022-03-01 10:00:00
2022-03-08,10:00:00,股票,三变科技(002112.XSHE),买,市价单,100股,8.13,813,100股,-,0,5,全部成交,2022-03-08 10:00:00
2022-03-08,14:00:00,股票,实丰文化(002862.XSHE),卖,市价单,-3900股,13.2,-51480,-3900股,-,858,64.35,全部成交,2022-03-08 14:00:00
2022-03-15,10:00:00,股票,三变科技(002112.XSHE),卖,市价单,-100股,9.38,-938,-100股,-,125,5.94,全部成交,2022-03-15 10:00:00
2022-03-15,10:00:00,股票,实丰文化(002862.XSHE),买,市价单,1500股,11.76,17640,1500股,-,0,5,全部成交,2022-03-15 10:00:00
2022-03-15,10:00:00,股票,麦趣尔(002719.XSHE),买,市价单,2000股,8.46,16920,2000股,-,0,5,全部成交,2022-03-15 10:00:00
2022-03-15,10:00:00,股票,友邦吊顶(002718.XSHE),买,市价单,1400股,11.91,16674,1400股,-,0,5,全部成交,2022-03-15 10:00:00
2022-03-15,10:00:00,股票,中设股份(002883.XSHE),卖,市价单,-4100股,10.86,-44526,-4100股,-,-4510,55.66,全部成交,2022-03-15 10:00:00
2022-03-17,14:00:00,股票,名雕股份(002830.XSHE),卖,市价单,-8800股,12.54,-110352,-8800股,-,6952,137.94,全部成交,2022-03-17 14:00:00
2022-03-23,14:00:00,股票,如意集团(002193.XSHE),卖,市价单,-8700股,6.72,-58464,-8700股,-,7221,73.08,全部成交,2022-03-23 14:00:00
2022-03-23,14:00:00,股票,友邦吊顶(002718.XSHE),卖,市价单,-1400股,14.45,-20230,-1400股,-,3556,25.29,全部成交,2022-03-23 14:00:00
2022-03-29,10:00:00,股票,中设股份(002883.XSHE),买,市价单,10400股,11.24,116896,10400股,-,0,29.22,全部成交,2022-03-29 10:00:00
2022-03-29,10:00:00,股票,英派斯(002899.XSHE),买,市价单,8600股,13.62,117132,8600股,-,0,29.28,全部成交,2022-03-29 10:00:00
2022-04-01,14:50:00,股票,实丰文化(002862.XSHE),卖,市价单,-1500股,11.94,-17910,-1500股,-,270,22.91,全部成交,2022-04-01 14:50:00
2022-04-01,14:50:00,股票,麦趣尔(002719.XSHE),卖,市价单,-2000股,8.91,-17820,-2000股,-,900,22.82,全部成交,2022-04-01 14:50:00
2022-04-01,14:50:00,股票,中设股份(002883.XSHE),卖,市价单,-10400股,11.1,-115440,-10400股,-,-1456,144.3,全部成交,2022-04-01 14:50:00
2022-04-01,14:50:00,股票,英派斯(002899.XSHE),卖,市价单,-8600股,14.07,-121002,-8600股,-,3870,151.25,全部成交,2022-04-01 14:50:00
2022-04-07,10:00:00,基金,银华日利(511880.XSHG),买,市价单,2700股,100.632,271706.4,2700股,-,0,0,全部成交,2022-04-07 10:00:00
2022-04-26,10:00:00,基金,银华日利(511880.XSHG),卖,市价单,-2700股,100.712,-271922.4,-2700股,-,216,0,全部成交,2022-04-26 10:00:00
2022-05-05,14:00:00,基金,银华日利(511880.XSHG),买,市价单,2700股,100.776,272095.2,2700股,-,0,0,全部成交,2022-05-05 14:00:00
2022-05-06,10:00:00,基金,银华日利(511880.XSHG),卖,市价单,-2700股,100.786,-272122.2,-2700股,-,27,0,全部成交,2022-05-06 10:00:00
2022-05-06,10:00:00,股票,达意隆(002209.XSHE),买,市价单,11100股,6.13,68043,11100股,-,0,17.01,全部成交,2022-05-06 10:00:00
2022-05-06,10:00:00,股票,美芝股份(002856.XSHE),买,市价单,7400股,9.14,67636,7400股,-,0,16.91,全部成交,2022-05-06 10:00:00
2022-05-06,10:00:00,股票,中设股份(002883.XSHE),买,市价单,6900股,9.77,67413,6900股,-,0,16.85,全部成交,2022-05-06 10:00:00
2022-05-06,10:00:00,股票,弘宇股份(002890.XSHE),买,市价单,4900股,13.84,67816,4900股,-,0,16.95,全部成交,2022-05-06 10:00:00
2022-05-17,10:00:00,股票,弘宇股份(002890.XSHE),卖,市价单,-4900股,14.33,-70217,-4900股,-,2401,87.77,全部成交,2022-05-17 10:00:00
2022-05-18,14:00:00,股票,中设股份(002883.XSHE),卖,市价单,-6900股,16.92,-116748,-6900股,-,49335,145.94,全部成交,2022-05-18 14:00:00
2022-05-19,14:00:00,股票,美芝股份(002856.XSHE),卖,市价单,-7400股,10.11,-74814,-7400股,-,7178,93.52,全部成交,2022-05-19 14:00:00
2022-05-24,10:00:00,股票,美芝股份(002856.XSHE),买,市价单,13100股,10.01,131131,13100股,-,0,32.78,全部成交,2022-05-24 10:00:00
2022-05-24,10:00:00,股票,弘宇股份(002890.XSHE),买,市价单,8800股,14.82,130416,8800股,-,0,32.6,全部成交,2022-05-24 10:00:00
2022-05-30,14:00:00,股票,美芝股份(002856.XSHE),卖,市价单,-13100股,11.74,-153794,-13100股,-,22663,192.24,全部成交,2022-05-30 14:00:00
2022-05-31,10:00:00,股票,英派斯(002899.XSHE),买,市价单,6600股,11.65,76890,6600股,-,0,19.22,全部成交,2022-05-31 10:00:00
2022-05-31,10:00:00,股票,三变科技(002112.XSHE),买,市价单,10600股,7.33,77698,10600股,-,0,19.42,全部成交,2022-05-31 10:00:00
2022-06-07,10:00:00,股票,三变科技(002112.XSHE),卖,市价单,-10600股,7.42,-78652,-10600股,-,954,98.32,全部成交,2022-06-07 10:00:00
2022-06-14,10:00:00,股票,达意隆(002209.XSHE),卖,市价单,-11100股,7.18,-79698,-11100股,-,11655,99.62,全部成交,2022-06-14 10:00:00
2022-06-14,10:00:00,股票,美芝股份(002856.XSHE),买,市价单,16100股,9.89,159229,16100股,-,0,39.81,全部成交,2022-06-14 10:00:00
2022-06-29,14:00:00,股票,弘宇股份(002890.XSHE),卖,市价单,-8800股,16.45,-144760,-8800股,-,15224,180.95,全部成交,2022-06-29 14:00:00
2022-07-05,10:00:00,股票,英派斯(002899.XSHE),卖,市价单,-6600股,12.37,-81642,-6600股,-,4752,102.05,全部成交,2022-07-05 10:00:00
2022-07-05,10:00:00,股票,麦趣尔(002719.XSHE),买,市价单,15500股,7.29,112995,15500股,-,0,28.25,全部成交,2022-07-05 10:00:00
2022-07-05,10:00:00,股票,达意隆(002209.XSHE),买,市价单,16800股,6.72,112896,16800股,-,0,28.22,全部成交,2022-07-05 10:00:00
2022-07-15,10:00:00,股票,麦趣尔(002719.XSHE),卖,市价单,-15500股,6.53,-101215,-15500股,-,-11480.85,126.52,全部成交,2022-07-15 10:00:00
2022-07-19,10:00:00,股票,麦趣尔(002719.XSHE),买,市价单,7400股,6.84,50616,7400股,-,0,12.65,全部成交,2022-07-19 10:00:00
2022-07-19,10:00:00,股票,英派斯(002899.XSHE),买,市价单,4100股,12.38,50758,4100股,-,0,12.69,全部成交,2022-07-19 10:00:00
2022-07-21,14:00:00,股票,达意隆(002209.XSHE),卖,市价单,-16800股,8.16,-137088,-16800股,-,24192,171.36,全部成交,2022-07-21 14:00:00
2022-07-26,10:00:00,股票,美芝股份(002856.XSHE),卖,市价单,-16100股,12.75,-205275,-16100股,-,46046,256.59,全部成交,2022-07-26 10:00:00
2022-07-26,10:00:00,股票,弘宇股份(002890.XSHE),买,市价单,10400股,16.46,171184,10400股,-,0,42.8,全部成交,2022-07-26 10:00:00
2022-07-26,10:00:00,股票,威星智能(002849.XSHE),买,市价单,14400股,11.88,171072,14400股,-,0,42.77,全部成交,2022-07-26 10:00:00
2022-08-02,10:00:00,股票,弘宇股份(002890.XSHE),卖,市价单,-10400股,18.71,-194584,-10400股,-,23400,243.23,全部成交,2022-08-02 10:00:00
2022-08-02,10:00:00,股票,威星智能(002849.XSHE),卖,市价单,-14400股,12.84,-184896,-14400股,-,13824,231.12,全部成交,2022-08-02 10:00:00
2022-08-02,10:00:00,股票,中晟高科(002778.XSHE),买,市价单,14900股,12.68,188932,14900股,-,0,47.23,全部成交,2022-08-02 10:00:00
2022-08-02,10:00:00,股票,美芝股份(002856.XSHE),买,市价单,15900股,11.92,189528,15900股,-,0,47.38,全部成交,2022-08-02 10:00:00
2022-08-09,10:00:00,股票,中晟高科(002778.XSHE),卖,市价单,-14900股,12.97,-193253,-14900股,-,4321,241.57,全部成交,2022-08-09 10:00:00
2022-08-09,10:00:00,股票,美芝股份(002856.XSHE),卖,市价单,-15900股,12.67,-201453,-15900股,-,11925,251.82,全部成交,2022-08-09 10:00:00
2022-08-09,10:00:00,股票,中设股份(002883.XSHE),买,市价单,19800股,9.97,197406,19800股,-,0,49.35,全部成交,2022-08-09 10:00:00
2022-08-09,10:00:00,股票,达意隆(002209.XSHE),买,市价单,24300股,8.1,196830,24300股,-,0,49.21,全部成交,2022-08-09 10:00:00
2022-08-15,14:00:00,股票,麦趣尔(002719.XSHE),卖,市价单,-7400股,9.56,-70744,-7400股,-,20128,88.43,全部成交,2022-08-15 14:00:00
2022-08-15,14:00:00,股票,中设股份(002883.XSHE),卖,市价单,-19800股,11.72,-232056,-19800股,-,34650,290.07,全部成交,2022-08-15 14:00:00
2022-08-16,10:00:00,股票,麦趣尔(002719.XSHE),买,市价单,30400股,9.96,302784,30400股,-,0,75.7,全部成交,2022-08-16 10:00:00
2022-08-17,10:00:00,股票,麦趣尔(002719.XSHE),卖,市价单,-0股,--,0,-30400股,-,0,0,已撤单,2022-08-17 10:00:00
2022-08-18,10:00:00,股票,麦趣尔(002719.XSHE),卖,市价单,-30400股,8.49,-258096,-30400股,-,-44688,322.62,全部成交,2022-08-18 10:00:00
2022-08-22,14:00:00,股票,达意隆(002209.XSHE),卖,市价单,-24300股,9.59,-233037,-24300股,-,36207,291.3,全部成交,2022-08-22 14:00:00
2022-08-23,10:00:00,股票,麦趣尔(002719.XSHE),买,市价单,19500股,8.37,163215,19500股,-,0,40.8,全部成交,2022-08-23 10:00:00
2022-08-23,10:00:00,股票,天元股份(003003.XSHE),买,市价单,16900股,9.68,163592,16900股,-,0,40.9,全部成交,2022-08-23 10:00:00
2022-08-23,10:00:00,股票,威星智能(002849.XSHE),买,市价单,12500股,12.99,162375,12500股,-,0,40.59,全部成交,2022-08-23 10:00:00
2022-08-26,14:00:00,股票,威星智能(002849.XSHE),卖,市价单,-12500股,13.29,-166125,-12500股,-,3750,207.66,全部成交,2022-08-26 14:00:00
2022-08-30,10:00:00,股票,中设股份(002883.XSHE),买,市价单,7700股,10.8,83160,7700股,-,0,20.79,全部成交,2022-08-30 10:00:00
2022-08-30,10:00:00,股票,美芝股份(002856.XSHE),买,市价单,6600股,12.56,82896,6600股,-,0,20.72,全部成交,2022-08-30 10:00:00
2022-09-06,10:00:00,股票,麦趣尔(002719.XSHE),卖,市价单,-19500股,7.95,-155025,-19500股,-,-8190,193.78,全部成交,2022-09-06 10:00:00
2022-09-06,10:00:00,股票,中设股份(002883.XSHE),卖,市价单,-7700股,10.94,-84238,-7700股,-,1078,105.3,全部成交,2022-09-06 10:00:00
2022-09-06,10:00:00,股票,名雕股份(002830.XSHE),买,市价单,10400股,11.54,120016,10400股,-,0,30,全部成交,2022-09-06 10:00:00
2022-09-06,10:00:00,股票,威星智能(002849.XSHE),买,市价单,9400股,12.68,119192,9400股,-,0,29.8,全部成交,2022-09-06 10:00:00
2022-09-14,10:00:00,股票,天元股份(003003.XSHE),卖,市价单,-16900股,9.75,-164775,-16900股,-,1183,205.97,全部成交,2022-09-14 10:00:00
2022-09-14,10:00:00,股票,美芝股份(002856.XSHE),卖,市价单,-6600股,12.81,-84546,-6600股,-,1650,105.68,全部成交,2022-09-14 10:00:00
2022-09-14,10:00:00,股票,威星智能(002849.XSHE),卖,市价单,-9400股,13.78,-129532,-9400股,-,10340,161.92,全部成交,2022-09-14 10:00:00
2022-09-14,10:00:00,股票,先锋电子(002767.XSHE),买,市价单,16900股,11.21,189449,16900股,-,0,47.36,全部成交,2022-09-14 10:00:00
2022-09-14,10:00:00,股票,达意隆(002209.XSHE),买,市价单,21600股,8.76,189216,21600股,-,0,47.3,全部成交,2022-09-14 10:00:00
2022-09-16,10:00:00,股票,达意隆(002209.XSHE),卖,市价单,-21600股,7.94,-171504,-21600股,-,-17712,214.38,全部成交,2022-09-16 10:00:00
2022-09-20,10:00:00,股票,美芝股份(002856.XSHE),买,市价单,7900股,10.79,85241,7900股,-,0,21.31,全部成交,2022-09-20 10:00:00
2022-09-20,10:00:00,股票,达意隆(002209.XSHE),买,市价单,10900股,7.88,85892,10900股,-,0,21.47,全部成交,2022-09-20 10:00:00
2022-09-29,14:00:00,股票,美芝股份(002856.XSHE),卖,市价单,-7900股,11.56,-91324,-7900股,-,6083,114.16,全部成交,2022-09-29 14:00:00
2022-09-30,10:00:00,股票,先锋电子(002767.XSHE),卖,市价单,-16900股,10.03,-169507,-16900股,-,-19942,211.88,全部成交,2022-09-30 10:00:00
2022-10-10,10:00:00,股票,名雕股份(002830.XSHE),卖,市价单,-10400股,10.4,-108160,-10400股,-,-11856,135.2,全部成交,2022-10-10 10:00:00
2022-10-11,10:00:00,股票,美芝股份(002856.XSHE),买,市价单,9800股,9.35,91630,9800股,-,0,22.91,全部成交,2022-10-11 10:00:00
2022-10-11,10:00:00,股票,名雕股份(002830.XSHE),买,市价单,9200股,9.95,91540,9200股,-,0,22.88,全部成交,2022-10-11 10:00:00
2022-10-11,10:00:00,股票,先锋电子(002767.XSHE),买,市价单,9300股,9.88,91884,9300股,-,0,22.97,全部成交,2022-10-11 10:00:00
2022-10-11,10:00:00,股票,天元股份(003003.XSHE),买,市价单,10800股,8.54,92232,10800股,-,0,23.06,全部成交,2022-10-11 10:00:00
2022-10-18,10:00:00,股票,达意隆(002209.XSHE),卖,市价单,-10900股,8.18,-89162,-10900股,-,3270,111.45,全部成交,2022-10-18 10:00:00
2022-10-18,10:00:00,股票,先锋电子(002767.XSHE),卖,市价单,-9300股,11,-102300,-9300股,-,10416,127.88,全部成交,2022-10-18 10:00:00
2022-10-19,14:00:00,股票,天元股份(003003.XSHE),卖,市价单,-10800股,11.27,-121716,-10800股,-,29484,152.15,全部成交,2022-10-19 14:00:00
2022-10-25,10:00:00,股票,中设股份(002883.XSHE),买,市价单,31500股,9.96,313740,31500股,-,0,78.44,全部成交,2022-10-25 10:00:00
2022-11-01,10:00:00,股票,美芝股份(002856.XSHE),卖,市价单,-9800股,9.81,-96138,-9800股,-,4508,120.17,全部成交,2022-11-01 10:00:00
2022-11-01,10:00:00,股票,实丰文化(002862.XSHE),买,市价单,3700股,12.98,48026,3700股,-,0,12.01,全部成交,2022-11-01 10:00:00
2022-11-01,10:00:00,股票,精艺股份(002295.XSHE),买,市价单,7500股,6.42,48150,7500股,-,0,12.04,全部成交,2022-11-01 10:00:00
2022-11-08,10:00:00,股票,精艺股份(002295.XSHE),卖,市价单,-7500股,6.84,-51300,-7500股,-,3150,64.12,全部成交,2022-11-08 10:00:00
2022-11-08,14:00:00,股票,实丰文化(002862.XSHE),卖,市价单,-3700股,14.61,-54057,-3700股,-,6031,67.57,全部成交,2022-11-08 14:00:00
2022-11-15,10:00:00,股票,达意隆(002209.XSHE),买,市价单,12500股,8.45,105625,12500股,-,0,26.41,全部成交,2022-11-15 10:00:00
2022-11-21,14:00:00,股票,中设股份(002883.XSHE),卖,市价单,-31500股,12.37,-389655,-31500股,-,75915,487.07,全部成交,2022-11-21 14:00:00
2022-11-22,10:00:00,股票,精艺股份(002295.XSHE),买,市价单,56100股,6.93,388773,56100股,-,0,97.19,全部成交,2022-11-22 10:00:00
2022-12-06,10:00:00,股票,精艺股份(002295.XSHE),卖,市价单,-56100股,7.13,-399993,-56100股,-,11220,499.99,全部成交,2022-12-06 10:00:00
2022-12-13,10:00:00,股票,精艺股份(002295.XSHE),买,市价单,56500股,7.07,399455,56500股,-,0,99.86,全部成交,2022-12-13 10:00:00
2023-01-03,14:50:00,股票,英派斯(002899.XSHE),卖,市价单,-4100股,12.61,-51701,-4100股,-,943,64.63,全部成交,2023-01-03 14:50:00
2023-01-03,14:50:00,股票,名雕股份(002830.XSHE),卖,市价单,-9200股,11.8,-108560,-9200股,-,17020,135.7,全部成交,2023-01-03 14:50:00
2023-01-03,14:50:00,股票,达意隆(002209.XSHE),卖,市价单,-12500股,8.18,-102250,-12500股,-,-3375,127.81,全部成交,2023-01-03 14:50:00
2023-01-03,14:50:00,股票,精艺股份(002295.XSHE),卖,市价单,-56500股,6.75,-381375,-56500股,-,-18080,476.72,全部成交,2023-01-03 14:50:00
2023-01-04,10:00:00,基金,银华日利(511880.XSHG),买,市价单,6400股,100.109,640697.6,6400股,-,0,0,全部成交,2023-01-04 10:00:00
2023-02-07,10:00:00,基金,银华日利(511880.XSHG),卖,市价单,-6400股,100.293,-641875.2,-6400股,-,1177.6,0,全部成交,2023-02-07 10:00:00
2023-02-07,10:00:00,股票,英派斯(002899.XSHE),买,市价单,11500股,13.94,160310,11500股,-,0,40.08,全部成交,2023-02-07 10:00:00
2023-02-07,10:00:00,股票,名雕股份(002830.XSHE),买,市价单,12300股,13.08,160884,12300股,-,0,40.22,全部成交,2023-02-07 10:00:00
2023-02-07,10:00:00,股票,弘宇股份(002890.XSHE),买,市价单,8300股,19.41,161103,8300股,-,0,40.28,全部成交,2023-02-07 10:00:00
2023-02-07,10:00:00,股票,大洋生物(003017.XSHE),买,市价单,5300股,30.27,160431,5300股,-,0,40.11,全部成交,2023-02-07 10:00:00
2023-02-28,10:00:00,股票,大洋生物(003017.XSHE),卖,市价单,-5300股,31,-164300,-5300股,-,3869,205.38,全部成交,2023-02-28 10:00:00
2023-02-28,10:00:00,股票,中设股份(002883.XSHE),买,市价单,14100股,11.76,165816,14100股,-,0,41.45,全部成交,2023-02-28 10:00:00
2023-03-07,10:00:00,股票,中设股份(002883.XSHE),卖,市价单,-14100股,13.64,-192324,-14100股,-,26508,240.41,全部成交,2023-03-07 10:00:00
2023-03-07,10:00:00,股票,实丰文化(002862.XSHE),买,市价单,12500股,15.31,191375,12500股,-,0,47.84,全部成交,2023-03-07 10:00:00
2023-03-14,10:00:00,股票,实丰文化(002862.XSHE),卖,市价单,-12500股,15.22,-190250,-12500股,-,-1125,237.81,全部成交,2023-03-14 10:00:00
2023-03-14,10:00:00,股票,精艺股份(002295.XSHE),买,市价单,13100股,7.23,94713,13100股,-,0,23.68,全部成交,2023-03-14 10:00:00
2023-03-14,10:00:00,股票,大洋生物(003017.XSHE),买,市价单,3100股,30.18,93558,3100股,-,0,23.39,全部成交,2023-03-14 10:00:00
2023-03-21,10:00:00,股票,精艺股份(002295.XSHE),卖,市价单,-13100股,7.21,-94451,-13100股,-,-262,118.06,全部成交,2023-03-21 10:00:00
2023-03-28,10:00:00,股票,大洋生物(003017.XSHE),卖,市价单,-3100股,30.66,-95046,-3100股,-,1488,118.81,全部成交,2023-03-28 10:00:00
2023-04-03,14:50:00,股票,英派斯(002899.XSHE),卖,市价单,-11500股,14.08,-161920,-11500股,-,1610,202.4,全部成交,2023-04-03 14:50:00
2023-04-03,14:50:00,股票,名雕股份(002830.XSHE),卖,市价单,-12300股,12.77,-157071,-12300股,-,-3813,196.34,全部成交,2023-04-03 14:50:00
2023-04-03,14:50:00,股票,弘宇股份(002890.XSHE),卖,市价单,-8300股,18.41,-152803,-8300股,-,-8300,191,全部成交,2023-04-03 14:50:00
2023-04-04,10:00:00,基金,银华日利(511880.XSHG),买,市价单,6500股,100.544,653536,6500股,-,0,0,全部成交,2023-04-04 10:00:00
2023-05-05,10:00:00,基金,银华日利(511880.XSHG),卖,市价单,-6500股,100.717,-654660.5,-6500股,-,1124.5,0,全部成交,2023-05-05 10:00:00
2023-05-05,10:00:00,股票,英派斯(002899.XSHE),买,市价单,12500股,13.23,165375,12500股,-,0,41.34,全部成交,2023-05-05 10:00:00
2023-05-05,10:00:00,股票,精艺股份(002295.XSHE),买,市价单,25300股,6.54,165462,25300股,-,0,41.37,全部成交,2023-05-05 10:00:00
2023-05-05,10:00:00,股票,弘宇股份(002890.XSHE),买,市价单,9300股,17.78,165354,9300股,-,0,41.34,全部成交,2023-05-05 10:00:00
2023-05-05,10:00:00,股票,中晟高科(002778.XSHE),买,市价单,12000股,13.72,164640,12000股,-,0,41.16,全部成交,2023-05-05 10:00:00
2023-05-30,10:00:00,股票,中晟高科(002778.XSHE),卖,市价单,-12000股,14.6,-175200,-12000股,-,10560,219,全部成交,2023-05-30 10:00:00
2023-05-30,10:00:00,股票,中设股份(002883.XSHE),买,市价单,15400股,11.49,176946,15400股,-,0,44.24,全部成交,2023-05-30 10:00:00
2023-06-20,10:00:00,股票,弘宇股份(002890.XSHE),卖,市价单,-13020股,13.8,-179676,-13020股,-,15624,224.6,全部成交,2023-06-20 10:00:00
2023-06-27,10:00:00,股票,中设股份(002883.XSHE),卖,市价单,-15400股,11.12,-171248,-15400股,-,-5698,214.06,全部成交,2023-06-27 10:00:00
2023-06-27,10:00:00,股票,聚力文化(002247.XSHE),买,市价单,61900股,1.9,117610,61900股,-,0,29.4,全部成交,2023-06-27 10:00:00
2023-06-27,10:00:00,股票,中晟高科(002778.XSHE),买,市价单,8300股,14.12,117196,8300股,-,0,29.3,全部成交,2023-06-27 10:00:00
2023-06-27,10:00:00,股票,天元股份(003003.XSHE),买,市价单,11700股,9.98,116766,11700股,-,0,29.19,全部成交,2023-06-27 10:00:00
2023-06-28,14:00:00,股票,英派斯(002899.XSHE),卖,市价单,-12500股,15.08,-188500,-12500股,-,23912.5,235.62,全部成交,2023-06-28 14:00:00
2023-07-04,10:00:00,股票,天元股份(003003.XSHE),卖,市价单,-11700股,10.85,-126945,-11700股,-,10179,158.68,全部成交,2023-07-04 10:00:00
2023-07-04,10:00:00,股票,英派斯(002899.XSHE),买,市价单,21200股,14.93,316516,21200股,-,0,79.13,全部成交,2023-07-04 10:00:00
2023-07-18,10:00:00,股票,英派斯(002899.XSHE),卖,市价单,-21200股,15.98,-338776,-21200股,-,22260,423.47,全部成交,2023-07-18 10:00:00
2023-07-18,10:00:00,股票,中设股份(002883.XSHE),买,市价单,28600股,11.8,337480,28600股,-,0,84.37,全部成交,2023-07-18 10:00:00
2023-07-25,10:00:00,股票,中设股份(002883.XSHE),卖,市价单,-28600股,12.58,-359788,-28600股,-,22308,449.74,全部成交,2023-07-25 10:00:00
2023-07-25,10:00:00,股票,英派斯(002899.XSHE),买,市价单,11300股,15.93,180009,11300股,-,0,45,全部成交,2023-07-25 10:00:00
2023-07-25,10:00:00,股票,弘宇股份(002890.XSHE),买,市价单,12300股,14.63,179949,12300股,-,0,44.99,全部成交,2023-07-25 10:00:00
2023-08-01,10:00:00,股票,聚力文化(002247.XSHE),卖,市价单,-61900股,2.34,-144846,-61900股,-,27236,181.06,全部成交,2023-08-01 10:00:00
2023-08-01,10:00:00,股票,弘宇股份(002890.XSHE),卖,市价单,-12300股,14.58,-179334,-12300股,-,-615,224.17,全部成交,2023-08-01 10:00:00
2023-08-08,10:00:00,股票,弘宇股份(002890.XSHE),买,市价单,22600股,14.32,323632,22600股,-,0,80.91,全部成交,2023-08-08 10:00:00
2023-08-22,10:00:00,股票,英派斯(002899.XSHE),卖,市价单,-11300股,15.35,-173455,-11300股,-,-6554,216.82,全部成交,2023-08-22 10:00:00
2023-08-22,10:00:00,股票,贝肯能源(002828.XSHE),买,市价单,9900股,8.68,85932,9900股,-,0,21.48,全部成交,2023-08-22 10:00:00
2023-08-22,10:00:00,股票,中设股份(002883.XSHE),买,市价单,7300股,11.76,85848,7300股,-,0,21.46,全部成交,2023-08-22 10:00:00
2023-08-24,10:00:00,股票,弘宇股份(002890.XSHE),卖,市价单,-22600股,12.88,-291088,-22600股,-,-32544,363.86,全部成交,2023-08-24 10:00:00
2023-08-24,14:00:00,股票,中晟高科(002778.XSHE),卖,市价单,-8300股,15.56,-129148,-8300股,-,11952,161.44,全部成交,2023-08-24 14:00:00
2023-08-29,10:00:00,股票,中设股份(002883.XSHE),卖,市价单,-7300股,11.82,-86286,-7300股,-,438,107.86,全部成交,2023-08-29 10:00:00
2023-08-29,10:00:00,股票,高斯贝尔(002848.XSHE),买,市价单,26400股,9.6,253440,26400股,-,0,63.36,全部成交,2023-08-29 10:00:00
2023-08-29,10:00:00,股票,名雕股份(002830.XSHE),买,市价单,19000股,13.33,253270,19000股,-,0,63.32,全部成交,2023-08-29 10:00:00
2023-09-05,10:00:00,股票,精艺股份(002295.XSHE),卖,市价单,-25300股,7.51,-190003,-25300股,-,24541,237.5,全部成交,2023-09-05 10:00:00
2023-09-05,10:00:00,股票,名雕股份(002830.XSHE),卖,市价单,-19000股,14.06,-267140,-19000股,-,13870,333.92,全部成交,2023-09-05 10:00:00
2023-09-05,10:00:00,股票,美芝股份(002856.XSHE),买,市价单,42000股,10.86,456120,42000股,-,0,114.03,全部成交,2023-09-05 10:00:00
2023-09-11,14:00:00,股票,高斯贝尔(002848.XSHE),卖,市价单,-26400股,11.09,-292776,-26400股,-,39336,365.97,全部成交,2023-09-11 14:00:00
2023-09-12,10:00:00,股票,名雕股份(002830.XSHE),买,市价单,10600股,13.71,145326,10600股,-,0,36.33,全部成交,2023-09-12 10:00:00
2023-09-12,10:00:00,股票,高斯贝尔(002848.XSHE),买,市价单,13500股,10.79,145665,13500股,-,0,36.42,全部成交,2023-09-12 10:00:00
2023-09-26,10:00:00,股票,贝肯能源(002828.XSHE),卖,市价单,-9900股,10.09,-99891,-9900股,-,13959,124.86,全部成交,2023-09-26 10:00:00
2023-09-26,10:00:00,股票,中设股份(002883.XSHE),买,市价单,8700股,11.65,101355,8700股,-,0,25.34,全部成交,2023-09-26 10:00:00
2023-09-26,14:00:00,股票,高斯贝尔(002848.XSHE),卖,市价单,-0股,--,0,-13500股,-,0,0,已撤单,2023-09-26 14:00:00
2023-10-10,10:00:00,股票,高斯贝尔(002848.XSHE),卖,市价单,-13500股,11.4,-153900,-13500股,-,8235,192.38,全部成交,2023-10-10 10:00:00
2023-10-10,10:00:00,股票,英派斯(002899.XSHE),买,市价单,3400股,15.07,51238,3400股,-,0,12.81,全部成交,2023-10-10 10:00:00
2023-10-10,10:00:00,股票,大洋生物(003017.XSHE),买,市价单,1600股,30.79,49264,1600股,-,0,12.32,全部成交,2023-10-10 10:00:00
2023-10-10,10:00:00,股票,精艺股份(002295.XSHE),买,市价单,6900股,7.41,51129,6900股,-,0,12.78,全部成交,2023-10-10 10:00:00
2023-10-17,10:00:00,股票,精艺股份(002295.XSHE),卖,市价单,-6900股,7.51,-51819,-6900股,-,690,64.77,全部成交,2023-10-17 10:00:00
2023-10-17,10:00:00,股票,三夫户外(002780.XSHE),买,市价单,4500股,11.87,53415,4500股,-,0,13.35,全部成交,2023-10-17 10:00:00
2023-10-24,10:00:00,股票,三夫户外(002780.XSHE),卖,市价单,-4500股,11.66,-52470,-4500股,-,-945,65.59,全部成交,2023-10-24 10:00:00
2023-10-31,10:00:00,股票,名雕股份(002830.XSHE),卖,市价单,-10600股,14.01,-148506,-10600股,-,3180,185.63,全部成交,2023-10-31 10:00:00
2023-10-31,10:00:00,股票,英派斯(002899.XSHE),卖,市价单,-3400股,15.99,-54366,-3400股,-,3128,67.96,全部成交,2023-10-31 10:00:00
2023-10-31,10:00:00,股票,大洋生物(003017.XSHE),卖,市价单,-1600股,31.43,-50288,-1600股,-,1024,62.86,全部成交,2023-10-31 10:00:00
2023-10-31,10:00:00,股票,聚力文化(002247.XSHE),买,市价单,141100股,2.17,306187,141100股,-,0,76.55,全部成交,2023-10-31 10:00:00
2023-11-07,10:00:00,股票,美芝股份(002856.XSHE),卖,市价单,-42000股,10.86,-456120,-42000股,-,0,570.15,全部成交,2023-11-07 10:00:00
2023-11-07,10:00:00,股票,聚力文化(002247.XSHE),卖,市价单,-141100股,2.25,-317475,-141100股,-,11288,396.84,全部成交,2023-11-07 10:00:00
2023-11-07,10:00:00,股票,英派斯(002899.XSHE),买,市价单,24500股,15.75,385875,24500股,-,0,96.47,全部成交,2023-11-07 10:00:00
2023-11-07,10:00:00,股票,名雕股份(002830.XSHE),买,市价单,27300股,14.15,386295,27300股,-,0,96.57,全部成交,2023-11-07 10:00:00
2023-11-21,10:00:00,股票,英派斯(002899.XSHE),卖,市价单,-24500股,16.82,-412090,-24500股,-,26215,515.11,全部成交,2023-11-21 10:00:00
2023-11-21,10:00:00,股票,大洋生物(003017.XSHE),买,市价单,8900股,23.06,205234,8900股,-,0,51.31,全部成交,2023-11-21 10:00:00
2023-11-21,10:00:00,股票,精艺股份(002295.XSHE),买,市价单,25800股,7.98,205884,25800股,-,0,51.47,全部成交,2023-11-21 10:00:00
2023-12-05,10:00:00,股票,精艺股份(002295.XSHE),卖,市价单,-25800股,7.99,-206142,-25800股,-,258,257.68,全部成交,2023-12-05 10:00:00
2023-12-05,10:00:00,股票,聚力文化(002247.XSHE),买,市价单,88200股,2.34,206388,88200股,-,0,51.6,全部成交,2023-12-05 10:00:00
2023-12-12,10:00:00,股票,聚力文化(002247.XSHE),卖,市价单,-88200股,2.29,-201978,-88200股,-,-4410,252.47,全部成交,2023-12-12 10:00:00
2023-12-12,10:00:00,股票,精艺股份(002295.XSHE),买,市价单,26200股,7.7,201740,26200股,-,0,50.44,全部成交,2023-12-12 10:00:00
2023-12-19,10:00:00,股票,精艺股份(002295.XSHE),卖,市价单,-26200股,7.87,-206194,-26200股,-,4454,257.74,全部成交,2023-12-19 10:00:00
2023-12-19,10:00:00,股票,英派斯(002899.XSHE),买,市价单,12300股,16.64,204672,12300股,-,0,51.17,全部成交,2023-12-19 10:00:00
2023-12-26,10:00:00,股票,大洋生物(003017.XSHE),卖,市价单,-8900股,24.58,-218762,-8900股,-,13528,273.45,全部成交,2023-12-26 10:00:00
2023-12-26,10:00:00,股票,聚力文化(002247.XSHE),买,市价单,97600股,2.25,219600,97600股,-,0,54.9,全部成交,2023-12-26 10:00:00
2024-01-02,14:50:00,股票,中设股份(002883.XSHE),卖,市价单,-8700股,12.53,-109011,-8700股,-,7656,136.26,全部成交,2024-01-02 14:50:00
2024-01-02,14:50:00,股票,名雕股份(002830.XSHE),卖,市价单,-27300股,15.33,-418509,-27300股,-,32214,523.14,全部成交,2024-01-02 14:50:00
2024-01-02,14:50:00,股票,英派斯(002899.XSHE),卖,市价单,-12300股,17.15,-210945,-12300股,-,6273,263.68,全部成交,2024-01-02 14:50:00
2024-01-02,14:50:00,股票,聚力文化(002247.XSHE),卖,市价单,-97600股,2.37,-231312,-97600股,-,11712,289.14,全部成交,2024-01-02 14:50:00
2024-01-03,10:00:00,基金,银华日利(511880.XSHG),买,市价单,9600股,100.115,961104,9600股,-,0,0,全部成交,2024-01-03 10:00:00
2024-01-23,10:00:00,基金,银华日利(511880.XSHG),卖,市价单,-9600股,100.211,-962025.6,-9600股,-,921.6,0,全部成交,2024-01-23 10:00:00
2024-01-30,10:00:00,基金,银华日利(511880.XSHG),买,市价单,9600股,100.247,962371.2,9600股,-,0,0,全部成交,2024-01-30 10:00:00
2024-02-06,10:00:00,基金,银华日利(511880.XSHG),卖,市价单,-9600股,100.286,-962745.6,-9600股,-,374.4,0,全部成交,2024-02-06 10:00:00
2024-02-06,10:00:00,股票,大洋生物(003017.XSHE),买,市价单,11400股,14.13,161082,11400股,-,0,40.27,全部成交,2024-02-06 10:00:00
2024-02-06,10:00:00,股票,宏达高科(002144.XSHE),买,市价单,22600股,7.14,161364,22600股,-,0,40.34,全部成交,2024-02-06 10:00:00
2024-02-06,10:00:00,股票,易明医药(002826.XSHE),买,市价单,24700股,6.53,161291,24700股,-,0,40.32,全部成交,2024-02-06 10:00:00
2024-02-06,10:00:00,股票,红墙股份(002809.XSHE),买,市价单,25100股,6.42,161142,25100股,-,0,40.29,全部成交,2024-02-06 10:00:00
2024-02-06,10:00:00,股票,桂发祥(002820.XSHE),买,市价单,23300股,6.91,161003,23300股,-,0,40.25,全部成交,2024-02-06 10:00:00
2024-02-06,10:00:00,股票,天津普林(002134.XSHE),买,市价单,28100股,5.74,161294,28100股,-,0,40.32,全部成交,2024-02-06 10:00:00
2024-02-07,10:00:00,股票,大洋生物(003017.XSHE),卖,市价单,-11400股,14.07,-160398,-11400股,-,-684,200.5,全部成交,2024-02-07 10:00:00
2024-02-07,10:00:00,股票,宏达高科(002144.XSHE),卖,市价单,-22600股,7.56,-170856,-22600股,-,9492,213.57,全部成交,2024-02-07 10:00:00
2024-02-07,10:00:00,股票,易明医药(002826.XSHE),卖,市价单,-24700股,6.21,-153387,-24700股,-,-7904,191.73,全部成交,2024-02-07 10:00:00
2024-02-07,10:00:00,股票,红墙股份(002809.XSHE),卖,市价单,-25100股,6.61,-165911,-25100股,-,4769,207.39,全部成交,2024-02-07 10:00:00
2024-02-07,10:00:00,股票,桂发祥(002820.XSHE),卖,市价单,-23300股,7.09,-165197,-23300股,-,4194,206.5,全部成交,2024-02-07 10:00:00
2024-02-07,10:00:00,股票,天津普林(002134.XSHE),卖,市价单,-28100股,5.82,-163542,-28100股,-,2248,204.43,全部成交,2024-02-07 10:00:00
2024-02-07,14:00:00,基金,银华日利(511880.XSHG),买,市价单,9700股,100.283,972745.1,9700股,-,0,0,全部成交,2024-02-07 14:00:00
2024-02-19,10:00:00,基金,银华日利(511880.XSHG),卖,市价单,-9700股,100.341,-973307.7,-9700股,-,562.6,0,全部成交,2024-02-19 10:00:00
2024-02-19,14:00:00,基金,银华日利(511880.XSHG),买,市价单,9700股,100.344,973336.8,9700股,-,0,0,全部成交,2024-02-19 14:00:00
2024-02-20,10:00:00,基金,银华日利(511880.XSHG),卖,市价单,-9700股,100.351,-973404.7,-9700股,-,67.9,0,全部成交,2024-02-20 10:00:00
2024-02-20,10:00:00,股票,聚力文化(002247.XSHE),买,市价单,127700股,1.28,163456,127700股,-,0,40.86,全部成交,2024-02-20 10:00:00
2024-02-20,10:00:00,股票,名雕股份(002830.XSHE),买,市价单,18300股,8.92,163236,18300股,-,0,40.81,全部成交,2024-02-20 10:00:00
2024-02-20,10:00:00,股票,精艺股份(002295.XSHE),买,市价单,33700股,4.84,163108,33700股,-,0,40.78,全部成交,2024-02-20 10:00:00
2024-02-20,10:00:00,股票,登云股份(002715.XSHE),买,市价单,18300股,8.93,163419,18300股,-,0,40.85,全部成交,2024-02-20 10:00:00
2024-02-20,10:00:00,股票,联诚精密(002921.XSHE),买,市价单,16000股,10.16,162560,16000股,-,0,40.64,全部成交,2024-02-20 10:00:00
2024-02-20,10:00:00,股票,英派斯(002899.XSHE),买,市价单,14100股,11.55,162855,14100股,-,0,40.71,全部成交,2024-02-20 10:00:00
2024-02-21,14:00:00,股票,联诚精密(002921.XSHE),卖,市价单,-16000股,11.23,-179680,-16000股,-,17120,224.6,全部成交,2024-02-21 14:00:00
2024-02-26,14:00:00,股票,登云股份(002715.XSHE),卖,市价单,-18300股,11.07,-202581,-18300股,-,39162,253.23,全部成交,2024-02-26 14:00:00
2024-02-27,10:00:00,股票,英派斯(002899.XSHE),卖,市价单,-14100股,12.69,-178929,-14100股,-,16074,223.66,全部成交,2024-02-27 10:00:00
2024-02-27,10:00:00,股票,登云股份(002715.XSHE),买,市价单,16600股,11.25,186750,16600股,-,0,46.69,全部成交,2024-02-27 10:00:00
2024-02-27,10:00:00,股票,中设股份(002883.XSHE),买,市价单,19200股,9.77,187584,19200股,-,0,46.9,全部成交,2024-02-27 10:00:00
2024-02-27,10:00:00,股票,大洋生物(003017.XSHE),买,市价单,10200股,18.31,186762,10200股,-,0,46.69,全部成交,2024-02-27 10:00:00
2024-02-29,10:00:00,股票,聚力文化(002247.XSHE),卖,市价单,-127700股,1.52,-194104,-127700股,-,30648,242.63,全部成交,2024-02-29 10:00:00
2024-02-29,10:00:00,股票,名雕股份(002830.XSHE),卖,市价单,-18300股,10.28,-188124,-18300股,-,24888,235.16,全部成交,2024-02-29 10:00:00
2024-02-29,10:00:00,股票,精艺股份(002295.XSHE),卖,市价单,-33700股,5.56,-187372,-33700股,-,24264,234.22,全部成交,2024-02-29 10:00:00
2024-02-29,10:00:00,股票,登云股份(002715.XSHE),卖,市价单,-16600股,10.26,-170316,-16600股,-,-16434,212.9,全部成交,2024-02-29 10:00:00
2024-02-29,10:00:00,股票,中设股份(002883.XSHE),卖,市价单,-19200股,9.4,-180480,-19200股,-,-7104,225.6,全部成交,2024-02-29 10:00:00
2024-02-29,10:00:00,股票,大洋生物(003017.XSHE),卖,市价单,-10200股,17.22,-175644,-10200股,-,-11118,219.56,全部成交,2024-02-29 10:00:00
2024-02-29,14:00:00,基金,银华日利(511880.XSHG),买,市价单,10900股,100.378,1094120.2,10900股,-,0,0,全部成交,2024-02-29 14:00:00
2024-03-05,10:00:00,基金,银华日利(511880.XSHG),卖,市价单,-10900股,100.421,-1094588.9,-10900股,-,468.7,0,全部成交,2024-03-05 10:00:00
2024-03-05,10:00:00,股票,聚力文化(002247.XSHE),买,市价单,240500股,1.52,365560,240500股,-,0,91.39,全部成交,2024-03-05 10:00:00
2024-03-05,10:00:00,股票,名雕股份(002830.XSHE),买,市价单,35600股,10.25,364900,35600股,-,0,91.22,全部成交,2024-03-05 10:00:00
2024-03-05,10:00:00,股票,精艺股份(002295.XSHE),买,市价单,66700股,5.48,365516,66700股,-,0,91.38,全部成交,2024-03-05 10:00:00
2024-03-12,10:00:00,股票,名雕股份(002830.XSHE),卖,市价单,-35600股,11.13,-396228,-35600股,-,31328,495.28,全部成交,2024-03-12 10:00:00
2024-03-12,10:00:00,股票,中设股份(002883.XSHE),买,市价单,41800股,9.47,395846,41800股,-,0,98.96,全部成交,2024-03-12 10:00:00
2024-03-19,10:00:00,股票,精艺股份(002295.XSHE),卖,市价单,-66700股,6.64,-442888,-66700股,-,77372,553.61,全部成交,2024-03-19 10:00:00
2024-03-19,10:00:00,股票,名雕股份(002830.XSHE),买,市价单,38400股,11.52,442368,38400股,-,0,110.59,全部成交,2024-03-19 10:00:00
2024-04-01,14:50:00,股票,聚力文化(002247.XSHE),卖,市价单,-240500股,1.74,-418470,-240500股,-,52910,523.09,全部成交,2024-04-01 14:50:00
2024-04-01,14:50:00,股票,中设股份(002883.XSHE),卖,市价单,-41800股,10.55,-440990,-41800股,-,45144,551.24,全部成交,2024-04-01 14:50:00
2024-04-01,14:50:00,股票,名雕股份(002830.XSHE),卖,市价单,-38400股,11.89,-456576,-38400股,-,14208,570.72,全部成交,2024-04-01 14:50:00
2024-04-02,10:00:00,基金,银华日利(511880.XSHG),买,市价单,13000股,100.571,1307423,13000股,-,0,0,全部成交,2024-04-02 10:00:00
2024-04-17,10:00:00,基金,银华日利(511880.XSHG),卖,市价单,-13000股,100.625,-1308125,-13000股,-,702,0,全部成交,2024-04-17 10:00:00
2024-04-23,10:00:00,基金,银华日利(511880.XSHG),买,市价单,13000股,100.654,1308502,13000股,-,0,0,全部成交,2024-04-23 10:00:00
2024-05-07,10:00:00,基金,银华日利(511880.XSHG),卖,市价单,-13000股,100.713,-1309269,-13000股,-,767,0,全部成交,2024-05-07 10:00:00
2024-05-07,10:00:00,股票,美芝股份(002856.XSHE),买,市价单,56300股,7.79,438577,56300股,-,0,109.64,全部成交,2024-05-07 10:00:00
2024-05-07,10:00:00,股票,凯瑞德(002072.XSHE),买,市价单,110400股,3.97,438288,110400股,-,0,109.57,全部成交,2024-05-07 10:00:00
2024-05-07,10:00:00,股票,华斯股份(002494.XSHE),买,市价单,111300股,3.94,438522,111300股,-,0,109.63,全部成交,2024-05-07 10:00:00
2024-05-30,14:00:00,股票,美芝股份(002856.XSHE),卖,市价单,-56300股,8.23,-463349,-56300股,-,24772,579.19,全部成交,2024-05-30 14:00:00
2024-06-04,10:00:00,股票,美芝股份(002856.XSHE),买,市价单,26500股,8.72,231080,26500股,-,0,57.77,全部成交,2024-06-04 10:00:00
2024-06-04,10:00:00,股票,中设股份(002883.XSHE),买,市价单,25100股,9.2,230920,25100股,-,0,57.73,全部成交,2024-06-04 10:00:00
2024-06-04,10:00:00,股票,凯瑞德(002072.XSHE),卖,市价单,-110400股,3.38,-373152,-110400股,-,-65136,466.44,全部成交,2024-06-04 10:00:00
2024-06-04,10:00:00,股票,华斯股份(002494.XSHE),卖,市价单,-111300股,3.45,-383985,-111300股,-,-54537,479.98,全部成交,2024-06-04 10:00:00
2024-06-12,10:00:00,股票,中设股份(002883.XSHE),卖,市价单,-25100股,8.75,-219625,-25100股,-,-11295,274.53,全部成交,2024-06-12 10:00:00
2024-06-12,10:00:00,股票,凯瑞德(002072.XSHE),买,市价单,102600股,3.17,325242,102600股,-,0,81.31,全部成交,2024-06-12 10:00:00
2024-06-12,10:00:00,股票,华斯股份(002494.XSHE),买,市价单,98900股,3.29,325381,98900股,-,0,81.35,全部成交,2024-06-12 10:00:00
2024-06-12,10:00:00,股票,名雕股份(002830.XSHE),买,市价单,31500股,10.33,325395,31500股,-,0,81.35,全部成交,2024-06-12 10:00:00
2024-06-18,10:00:00,股票,美芝股份(002856.XSHE),卖,市价单,-26500股,10.81,-286465,-26500股,-,55385,358.08,全部成交,2024-06-18 10:00:00
2024-06-18,10:00:00,股票,青岛金王(002094.XSHE),买,市价单,149100股,1.92,286272,149100股,-,0,71.57,全部成交,2024-06-18 10:00:00
2024-07-01,10:00:00,股票,凯瑞德(002072.XSHE),卖,市价单,-102600股,2.82,-289332,-102600股,-,-35910,361.66,全部成交,2024-07-01 10:00:00
2024-07-02,10:00:00,股票,名雕股份(002830.XSHE),卖,市价单,-31500股,10.12,-318780,-31500股,-,-6615,398.48,全部成交,2024-07-02 10:00:00
2024-07-02,10:00:00,股票,凯瑞德(002072.XSHE),买,市价单,102900股,2.95,303555,102900股,-,0,75.89,全部成交,2024-07-02 10:00:00
2024-07-02,10:00:00,股票,美芝股份(002856.XSHE),买,市价单,32300股,9.39,303297,32300股,-,0,75.82,全部成交,2024-07-02 10:00:00
2024-07-09,10:00:00,股票,华斯股份(002494.XSHE),卖,市价单,-98900股,2.98,-294722,-98900股,-,-30659,368.4,全部成交,2024-07-09 10:00:00
2024-07-09,10:00:00,股票,美芝股份(002856.XSHE),卖,市价单,-32300股,8.14,-262922,-32300股,-,-40375,328.65,全部成交,2024-07-09 10:00:00
2024-07-09,14:00:00,股票,青岛金王(002094.XSHE),卖,市价单,-149100股,2.07,-308637,-149100股,-,22365,385.8,全部成交,2024-07-09 14:00:00
2024-07-16,10:00:00,股票,华斯股份(002494.XSHE),买,市价单,96100股,3,288300,96100股,-,0,72.08,全部成交,2024-07-16 10:00:00
2024-07-16,10:00:00,股票,海象新材(003011.XSHE),买,市价单,24200股,11.92,288464,24200股,-,0,72.12,全部成交,2024-07-16 10:00:00
2024-07-16,10:00:00,股票,友邦吊顶(002718.XSHE),买,市价单,30700股,9.37,287659,30700股,-,0,71.91,全部成交,2024-07-16 10:00:00
2024-07-23,10:00:00,股票,友邦吊顶(002718.XSHE),卖,市价单,-30700股,9.55,-293185,-30700股,-,5526,366.48,全部成交,2024-07-23 10:00:00
2024-07-23,10:00:00,股票,名雕股份(002830.XSHE),买,市价单,31200股,9.41,293592,31200股,-,0,73.4,全部成交,2024-07-23 10:00:00
2024-08-09,14:00:00,股票,凯瑞德(002072.XSHE),卖,市价单,-102900股,4.2,-432180,-102900股,-,128625,540.22,全部成交,2024-08-09 14:00:00
2024-08-13,10:00:00,股票,精艺股份(002295.XSHE),买,市价单,86600股,4.98,431268,86600股,-,0,107.82,全部成交,2024-08-13 10:00:00
2024-08-20,10:00:00,股票,名雕股份(002830.XSHE),卖,市价单,-31200股,9.65,-301080,-31200股,-,7488,376.35,全部成交,2024-08-20 10:00:00
2024-08-20,10:00:00,股票,友邦吊顶(002718.XSHE),买,市价单,30500股,9.86,300730,30500股,-,0,75.18,全部成交,2024-08-20 10:00:00
2024-08-27,10:00:00,股票,华斯股份(002494.XSHE),卖,市价单,-96100股,2.9,-278690,-96100股,-,-9610,348.36,全部成交,2024-08-27 10:00:00
2024-08-27,10:00:00,股票,聚力文化(002247.XSHE),买,市价单,188100股,1.48,278388,188100股,-,0,69.6,全部成交,2024-08-27 10:00:00
2024-09-03,10:00:00,股票,海象新材(003011.XSHE),卖,市价单,-24200股,12.14,-293788,-24200股,-,5324,367.24,全部成交,2024-09-03 10:00:00
2024-09-03,10:00:00,股票,友邦吊顶(002718.XSHE),卖,市价单,-30500股,9.22,-281210,-30500股,-,-19520,351.51,全部成交,2024-09-03 10:00:00
2024-09-03,10:00:00,股票,皓宸医疗(002622.XSHE),买,市价单,192700股,1.49,287123,192700股,-,0,71.78,全部成交,2024-09-03 10:00:00
2024-09-03,10:00:00,股票,名雕股份(002830.XSHE),买,市价单,29100股,9.84,286344,29100股,-,0,71.59,全部成交,2024-09-03 10:00:00
2024-09-11,14:00:00,股票,皓宸医疗(002622.XSHE),卖,市价单,-192700股,1.62,-312174,-192700股,-,25051,390.22,全部成交,2024-09-11 14:00:00
2024-09-18,10:00:00,股票,名雕股份(002830.XSHE),卖,市价单,-29100股,8.95,-260445,-29100股,-,-25899,325.56,全部成交,2024-09-18 10:00:00
2024-09-19,10:00:00,股票,聚力文化(002247.XSHE),卖,市价单,-188100股,1.48,-278388,-188100股,-,0,347.98,全部成交,2024-09-19 10:00:00
2024-09-19,10:00:00,股票,名雕股份(002830.XSHE),买,市价单,30900股,9.15,282735,30900股,-,0,70.68,全部成交,2024-09-19 10:00:00
2024-09-19,10:00:00,股票,大洋生物(003017.XSHE),买,市价单,18800股,15.05,282940,18800股,-,0,70.74,全部成交,2024-09-19 10:00:00
2024-09-19,10:00:00,股票,天元股份(003003.XSHE),买,市价单,39200股,7.23,283416,39200股,-,0,70.85,全部成交,2024-09-19 10:00:00
2024-09-24,10:00:00,股票,天元股份(003003.XSHE),卖,市价单,-39200股,7.41,-290472,-39200股,-,7056,363.09,全部成交,2024-09-24 10:00:00
2024-09-24,10:00:00,股票,聚力文化(002247.XSHE),买,市价单,190400股,1.53,291312,190400股,-,0,72.83,全部成交,2024-09-24 10:00:00
2024-09-30,10:00:00,股票,名雕股份(002830.XSHE),卖,市价单,-30900股,10.86,-335574,-30900股,-,52839,419.47,全部成交,2024-09-30 10:00:00
2024-09-30,10:00:00,股票,聚力文化(002247.XSHE),卖,市价单,-190400股,1.78,-338912,-190400股,-,47600,423.64,全部成交,2024-09-30 10:00:00
2024-09-30,10:00:00,股票,天元股份(003003.XSHE),买,市价单,80100股,8.41,673641,80100股,-,0,168.41,全部成交,2024-09-30 10:00:00
2024-10-09,10:00:00,股票,大洋生物(003017.XSHE),卖,市价单,-18800股,18.76,-352688,-18800股,-,69748,440.86,全部成交,2024-10-09 10:00:00
2024-10-09,10:00:00,股票,名雕股份(002830.XSHE),买,市价单,31000股,11.35,351850,31000股,-,0,87.96,全部成交,2024-10-09 10:00:00
2024-10-10,10:00:00,股票,精艺股份(002295.XSHE),卖,市价单,-86600股,5.65,-489290,-86600股,-,58022,611.61,全部成交,2024-10-10 10:00:00
2024-10-10,10:00:00,股票,天元股份(003003.XSHE),卖,市价单,-80100股,8.59,-688059,-80100股,-,14418,860.07,全部成交,2024-10-10 10:00:00
2024-10-10,10:00:00,股票,名雕股份(002830.XSHE),卖,市价单,-31000股,11.2,-347200,-31000股,-,-4650,434,全部成交,2024-10-10 10:00:00
2024-10-10,14:00:00,基金,银华日利(511880.XSHG),买,市价单,15000股,101.333,1519995,15000股,-,0,0,全部成交,2024-10-10 14:00:00
2024-10-15,10:00:00,基金,银华日利(511880.XSHG),卖,市价单,-15000股,101.418,-1521270,-15000股,-,1275,0,全部成交,2024-10-15 10:00:00
2024-10-15,10:00:00,股票,精艺股份(002295.XSHE),买,市价单,88000股,5.77,507760,88000股,-,0,126.94,全部成交,2024-10-15 10:00:00
2024-10-15,10:00:00,股票,皮阿诺(002853.XSHE),买,市价单,63400股,8.01,507834,63400股,-,0,126.96,全部成交,2024-10-15 10:00:00
2024-10-15,10:00:00,股票,大洋生物(003017.XSHE),买,市价单,28200股,17.98,507036,28200股,-,0,126.76,全部成交,2024-10-15 10:00:00
2024-10-22,10:00:00,股票,聚力文化(002247.XSHE),买,市价单,600股,1.87,1122,600股,-,0,5,全部成交,2024-10-22 10:00:00
2024-10-29,10:00:00,股票,皮阿诺(002853.XSHE),卖,市价单,-63400股,9.05,-573770,-63400股,-,65936,717.21,全部成交,2024-10-29 10:00:00
2024-10-29,10:00:00,股票,大洋生物(003017.XSHE),卖,市价单,-28200股,19.1,-538620,-28200股,-,31584,673.28,全部成交,2024-10-29 10:00:00
2024-10-29,10:00:00,股票,国统股份(002205.XSHE),买,市价单,127400股,8.72,1110928,127400股,-,0,277.73,全部成交,2024-10-29 10:00:00
2024-10-29,14:00:00,股票,聚力文化(002247.XSHE),卖,市价单,-600股,2.43,-1458,-600股,-,336,6.46,全部成交,2024-10-29 14:00:00
2024-11-05,10:00:00,股票,精艺股份(002295.XSHE),卖,市价单,-88000股,6.9,-607200,-88000股,-,99440,759,全部成交,2024-11-05 10:00:00
2024-11-05,10:00:00,股票,恒大高新(002591.XSHE),买,市价单,39100股,5.18,202538,39100股,-,0,50.63,全部成交,2024-11-05 10:00:00
2024-11-05,10:00:00,股票,大洋生物(003017.XSHE),买,市价单,10600股,19,201400,10600股,-,0,50.35,全部成交,2024-11-05 10:00:00
2024-11-05,10:00:00,股票,天元股份(003003.XSHE),买,市价单,21900股,9.24,202356,21900股,-,0,50.59,全部成交,2024-11-05 10:00:00
2024-11-12,10:00:00,股票,国统股份(002205.XSHE),卖,市价单,-127400股,9.77,-1244698,-127400股,-,133770,1555.87,全部成交,2024-11-12 10:00:00
2024-11-19,10:00:00,股票,国统股份(002205.XSHE),买,市价单,48100股,8.62,414622,48100股,-,0,103.66,全部成交,2024-11-19 10:00:00
2024-11-19,10:00:00,股票,精艺股份(002295.XSHE),买,市价单,60800股,6.82,414656,60800股,-,0,103.66,全部成交,2024-11-19 10:00:00
2024-11-19,10:00:00,股票,名雕股份(002830.XSHE),买,市价单,32300股,12.84,414732,32300股,-,0,103.68,全部成交,2024-11-19 10:00:00
2024-11-26,10:00:00,股票,名雕股份(002830.XSHE),卖,市价单,-32300股,13.56,-437988,-32300股,-,23256,547.48,全部成交,2024-11-26 10:00:00
2024-12-03,10:00:00,股票,天元股份(003003.XSHE),卖,市价单,-21900股,10.25,-224475,-21900股,-,22119,280.59,全部成交,2024-12-03 10:00:00
2024-12-03,10:00:00,股票,精艺股份(002295.XSHE),卖,市价单,-60800股,7.42,-451136,-60800股,-,36480,563.92,全部成交,2024-12-03 10:00:00
2024-12-10,10:00:00,股票,天元股份(003003.XSHE),买,市价单,104400股,10.65,1111860,104400股,-,0,277.97,全部成交,2024-12-10 10:00:00
2024-12-13,14:00:00,股票,国统股份(002205.XSHE),卖,市价单,-48100股,10.55,-507455,-48100股,-,92833,634.32,全部成交,2024-12-13 14:00:00
2024-12-17,10:00:00,股票,国统股份(002205.XSHE),买,市价单,50100股,10.11,506511,50100股,-,0,126.63,全部成交,2024-12-17 10:00:00
2024-12-24,10:00:00,股票,国统股份(002205.XSHE),卖,市价单,-50100股,9.5,-475950,-50100股,-,-30561,594.94,全部成交,2024-12-24 10:00:00
2024-12-24,10:00:00,股票,天顺股份(002800.XSHE),买,市价单,23100股,10.29,237699,23100股,-,0,59.42,全部成交,2024-12-24 10:00:00
2024-12-24,10:00:00,股票,名雕股份(002830.XSHE),买,市价单,19100股,12.43,237413,19100股,-,0,59.35,全部成交,2024-12-24 10:00:00
2024-12-24,10:00:00,股票,天元股份(003003.XSHE),卖,市价单,-104400股,9.35,-976140,-104400股,-,-135720,1220.18,全部成交,2024-12-24 10:00:00
2024-12-31,10:00:00,股票,名雕股份(002830.XSHE),卖,市价单,-19100股,12.64,-241424,-19100股,-,4011,301.78,全部成交,2024-12-31 10:00:00
2024-12-31,10:00:00,股票,国统股份(002205.XSHE),买,市价单,134800股,9.02,1215896,134800股,-,0,303.97,全部成交,2024-12-31 10:00:00
2025-01-02,14:50:00,股票,恒大高新(002591.XSHE),卖,市价单,-39100股,4.88,-190808,-39100股,-,-11730,238.51,全部成交,2025-01-02 14:50:00
2025-01-02,14:50:00,股票,大洋生物(003017.XSHE),卖,市价单,-10600股,18.33,-194298,-10600股,-,-7102,242.87,全部成交,2025-01-02 14:50:00
2025-01-02,14:50:00,股票,天顺股份(002800.XSHE),卖,市价单,-23100股,10.12,-233772,-23100股,-,-3927,292.21,全部成交,2025-01-02 14:50:00
2025-01-02,14:50:00,股票,国统股份(002205.XSHE),卖,市价单,-134800股,8.61,-1160628,-134800股,-,-55268,1450.78,全部成交,2025-01-02 14:50:00
2025-01-07,10:00:00,基金,银华日利(511880.XSHG),买,市价单,17700股,100.085,1771504.5,17700股,-,0,0,全部成交,2025-01-07 10:00:00
2025-02-06,10:00:00,基金,银华日利(511880.XSHG),卖,市价单,-17700股,100.195,-1773451.5,-17700股,-,1947,0,全部成交,2025-02-06 10:00:00
2025-02-06,10:00:00,股票,恒大高新(002591.XSHE),买,市价单,60000股,4.94,296400,60000股,-,0,74.1,全部成交,2025-02-06 10:00:00
2025-02-06,10:00:00,股票,国统股份(002205.XSHE),买,市价单,36000股,8.23,296280,36000股,-,0,74.07,全部成交,2025-02-06 10:00:00
2025-02-06,10:00:00,股票,天顺股份(002800.XSHE),买,市价单,28700股,10.31,295897,28700股,-,0,73.97,全部成交,2025-02-06 10:00:00
2025-02-06,10:00:00,股票,贝肯能源(002828.XSHE),买,市价单,34700股,8.53,295991,34700股,-,0,74,全部成交,2025-02-06 10:00:00
2025-02-06,10:00:00,股票,大洋生物(003017.XSHE),买,市价单,14400股,20.47,294768,14400股,-,0,73.69,全部成交,2025-02-06 10:00:00
2025-02-06,10:00:00,股票,天元股份(003003.XSHE),买,市价单,30500股,9.72,296460,30500股,-,0,74.11,全部成交,2025-02-06 10:00:00
2025-02-11,10:00:00,股票,天元股份(003003.XSHE),卖,市价单,-30500股,10.2,-311100,-30500股,-,14640,388.88,全部成交,2025-02-11 10:00:00
2025-02-11,10:00:00,股票,名雕股份(002830.XSHE),买,市价单,23500股,13.34,313490,23500股,-,0,78.37,全部成交,2025-02-11 10:00:00
2025-02-18,10:00:00,股票,名雕股份(002830.XSHE),卖,市价单,-23500股,13.23,-310905,-23500股,-,-2585,388.63,全部成交,2025-02-18 10:00:00
2025-02-18,10:00:00,股票,红墙股份(002809.XSHE),买,市价单,36400股,8.52,310128,36400股,-,0,77.53,全部成交,2025-02-18 10:00:00
2025-02-25,10:00:00,股票,贝肯能源(002828.XSHE),卖,市价单,-34700股,9.36,-324792,-34700股,-,28801,405.99,全部成交,2025-02-25 10:00:00
2025-02-25,10:00:00,股票,大洋生物(003017.XSHE),卖,市价单,-14400股,21.12,-304128,-14400股,-,9360,380.16,全部成交,2025-02-25 10:00:00
2025-02-25,10:00:00,股票,红墙股份(002809.XSHE),卖,市价单,-36400股,8.37,-304668,-36400股,-,-5460,380.84,全部成交,2025-02-25 10:00:00
2025-03-04,10:00:00,股票,天元股份(003003.XSHE),买,市价单,93500股,9.98,933130,93500股,-,0,233.28,全部成交,2025-03-04 10:00:00
2025-03-11,10:00:00,股票,天元股份(003003.XSHE),卖,市价单,-93500股,10.18,-951830,-93500股,-,18700,1189.79,全部成交,2025-03-11 10:00:00
2025-03-11,10:00:00,股票,大洋生物(003017.XSHE),买,市价单,44600股,21.28,949088,44600股,-,0,237.27,全部成交,2025-03-11 10:00:00
2025-03-11,14:00:00,股票,国统股份(002205.XSHE),卖,市价单,-36000股,10.74,-386640,-36000股,-,90360,483.3,全部成交,2025-03-11 14:00:00
2025-03-18,10:00:00,股票,大洋生物(003017.XSHE),卖,市价单,-44600股,22.1,-985660,-44600股,-,36572,1232.08,全部成交,2025-03-18 10:00:00
2025-03-18,10:00:00,股票,天元股份(003003.XSHE),买,市价单,65000股,10.54,685100,65000股,-,0,171.28,全部成交,2025-03-18 10:00:00
2025-03-18,10:00:00,股票,红墙股份(002809.XSHE),买,市价单,77200股,8.88,685536,77200股,-,0,171.38,全部成交,2025-03-18 10:00:00
2025-03-25,10:00:00,股票,天元股份(003003.XSHE),卖,市价单,-65000股,9.84,-639600,-65000股,-,-45500,799.5,全部成交,2025-03-25 10:00:00
2025-03-25,10:00:00,股票,红墙股份(002809.XSHE),卖,市价单,-77200股,8.48,-654656,-77200股,-,-30880,818.32,全部成交,2025-03-25 10:00:00
2025-03-25,10:00:00,股票,名雕股份(002830.XSHE),买,市价单,34100股,12.61,430001,34100股,-,0,107.5,全部成交,2025-03-25 10:00:00
2025-03-25,10:00:00,股票,大洋生物(003017.XSHE),买,市价单,20800股,20.68,430144,20800股,-,0,107.54,全部成交,2025-03-25 10:00:00
2025-03-25,10:00:00,股票,国统股份(002205.XSHE),买,市价单,46400股,9.28,430592,46400股,-,0,107.65,全部成交,2025-03-25 10:00:00
2025-04-01,14:50:00,股票,恒大高新(002591.XSHE),卖,市价单,-60000股,5.08,-304800,-60000股,-,8400,381,全部成交,2025-04-01 14:50:00
2025-04-01,14:50:00,股票,天顺股份(002800.XSHE),卖,市价单,-28700股,10.39,-298193,-28700股,-,2296,372.74,全部成交,2025-04-01 14:50:00
2025-04-01,14:50:00,股票,名雕股份(002830.XSHE),卖,市价单,-34100股,12.61,-430001,-34100股,-,0,537.5,全部成交,2025-04-01 14:50:00
2025-04-01,14:50:00,股票,大洋生物(003017.XSHE),卖,市价单,-20800股,21.46,-446368,-20800股,-,16224,557.96,全部成交,2025-04-01 14:50:00
2025-04-01,14:50:00,股票,国统股份(002205.XSHE),卖,市价单,-46400股,9.5,-440800,-46400股,-,10208,551,全部成交,2025-04-01 14:50:00
2025-04-08,10:00:00,基金,银华日利(511880.XSHG),买,市价单,19100股,100.396,1917563.6,19100股,-,0,0,全部成交,2025-04-08 10:00:00
2025-05-07,10:00:00,基金,银华日利(511880.XSHG),卖,市价单,-19100股,100.483,-1919225.3,-19100股,-,1661.7,0,全部成交,2025-05-07 10:00:00
2025-05-07,10:00:00,股票,麦趣尔(002719.XSHE),买,市价单,75000股,8.53,639750,75000股,-,0,159.94,全部成交,2025-05-07 10:00:00
2025-05-07,10:00:00,股票,海象新材(003011.XSHE),买,市价单,37100股,17.25,639975,37100股,-,0,159.99,全部成交,2025-05-07 10:00:00
2025-05-07,10:00:00,股票,名雕股份(002830.XSHE),买,市价单,44200股,14.48,640016,44200股,-,0,160,全部成交,2025-05-07 10:00:00
2025-05-13,10:00:00,股票,名雕股份(002830.XSHE),卖,市价单,-44200股,13.86,-612612,-44200股,-,-27404,765.76,全部成交,2025-05-13 10:00:00
2025-05-13,10:00:00,股票,贝肯能源(002828.XSHE),买,市价单,68500股,8.95,613075,68500股,-,0,153.27,全部成交,2025-05-13 10:00:00
2025-06-04,10:00:00,股票,名雕股份(002830.XSHE),买,市价单,600股,14.62,8772,600股,-,0,5,全部成交,2025-06-04 10:00:00
2025-06-17,14:00:00,股票,贝肯能源(002828.XSHE),卖,市价单,-68500股,12.17,-833645,-68500股,-,220570,1042.06,全部成交,2025-06-17 14:00:00
2025-06-24,10:00:00,股票,友邦吊顶(002718.XSHE),买,市价单,55000股,15.12,831600,55000股,-,0,207.9,全部成交,2025-06-24 10:00:00
2025-07-01,10:00:00,股票,友邦吊顶(002718.XSHE),卖,市价单,-55000股,15.74,-865700,-55000股,-,34100,1082.12,全部成交,2025-07-01 10:00:00
2025-07-08,10:00:00,股票,贝肯能源(002828.XSHE),买,市价单,84200股,10.28,865576,84200股,-,0,216.39,全部成交,2025-07-08 10:00:00
2025-07-15,10:00:00,股票,贝肯能源(002828.XSHE),卖,市价单,-84200股,10.19,-857998,-84200股,-,-7578,1072.5,全部成交,2025-07-15 10:00:00
2025-07-15,10:00:00,股票,凤形股份(002760.XSHE),买,市价单,43400股,19.7,854980,43400股,-,0,213.74,全部成交,2025-07-15 10:00:00
2025-07-22,10:00:00,股票,名雕股份(002830.XSHE),卖,市价单,-600股,15.84,-9504,-600股,-,879.78,14.5,全部成交,2025-07-22 10:00:00
2025-07-22,10:00:00,股票,凤形股份(002760.XSHE),卖,市价单,-43400股,19.87,-862358,-43400股,-,7378,1077.95,全部成交,2025-07-22 10:00:00
2025-07-22,10:00:00,股票,贝肯能源(002828.XSHE),买,市价单,85800股,10.16,871728,85800股,-,0,217.93,全部成交,2025-07-22 10:00:00
2025-08-05,10:00:00,股票,海象新材(003011.XSHE),卖,市价单,-37100股,21.53,-798763,-37100股,-,169810.41,998.45,全部成交,2025-08-05 10:00:00
2025-08-05,10:00:00,股票,天顺股份(002800.XSHE),买,市价单,27700股,14.38,398326,27700股,-,0,99.58,全部成交,2025-08-05 10:00:00
2025-08-05,10:00:00,股票,同德化工(002360.XSHE),买,市价单,73900股,5.4,399060,73900股,-,0,99.76,全部成交,2025-08-05 10:00:00
2025-08-12,10:00:00,股票,同德化工(002360.XSHE),卖,市价单,-73900股,5.46,-403494,-73900股,-,4434,504.37,全部成交,2025-08-12 10:00:00
2025-08-12,14:00:00,股票,天顺股份(002800.XSHE),卖,市价单,-27700股,16.77,-464529,-27700股,-,66203,580.66,全部成交,2025-08-12 14:00:00
2025-08-19,10:00:00,股票,同德化工(002360.XSHE),买,市价单,161500股,5.37,867255,161500股,-,0,216.81,全部成交,2025-08-19 10:00:00
2025-09-02,10:00:00,股票,同德化工(002360.XSHE),卖,市价单,-161500股,5.06,-817190,-161500股,-,-50065,1021.49,全部成交,2025-09-02 10:00:00
2025-09-02,10:00:00,股票,中天服务(002188.XSHE),买,市价单,147000股,5.55,815850,147000股,-,0,203.96,全部成交,2025-09-02 10:00:00
2025-09-16,10:00:00,股票,贝肯能源(002828.XSHE),卖,市价单,-85800股,10.49,-900042,-85800股,-,28314,1125.05,全部成交,2025-09-16 10:00:00
2025-09-16,10:00:00,股票,亚联发展(002316.XSHE),买,市价单,166500股,5.4,899100,166500股,-,0,224.78,全部成交,2025-09-16 10:00:00
2025-09-23,10:00:00,股票,亚联发展(002316.XSHE),卖,市价单,-166500股,5.15,-857475,-166500股,-,-41625,1071.84,全部成交,2025-09-23 10:00:00
2025-09-23,10:00:00,股票,贝肯能源(002828.XSHE),买,市价单,85500股,10.01,855855,85500股,-,0,213.96,全部成交,2025-09-23 10:00:00
2025-10-10,10:00:00,股票,贝肯能源(002828.XSHE),卖,市价单,-85500股,10.52,-899460,-85500股,-,43605,1124.32,全部成交,2025-10-10 10:00:00
2025-10-10,10:00:00,股票,海象新材(003011.XSHE),买,市价单,10500股,21.29,223545,10500股,-,0,55.89,全部成交,2025-10-10 10:00:00
2025-10-10,10:00:00,股票,亚联发展(002316.XSHE),买,市价单,42200股,5.32,224504,42200股,-,0,56.13,全部成交,2025-10-10 10:00:00
2025-10-10,10:00:00,股票,三夫户外(002780.XSHE),买,市价单,16700股,13.38,223446,16700股,-,0,55.86,全部成交,2025-10-10 10:00:00
2025-10-10,10:00:00,股票,百洋股份(002696.XSHE),买,市价单,36300股,6.18,224334,36300股,-,0,56.08,全部成交,2025-10-10 10:00:00
2025-10-14,10:00:00,股票,百洋股份(002696.XSHE),卖,市价单,-36300股,6.27,-227601,-36300股,-,3267,284.5,全部成交,2025-10-14 10:00:00
2025-10-14,10:00:00,股票,贝肯能源(002828.XSHE),买,市价单,21700股,10.56,229152,21700股,-,0,57.29,全部成交,2025-10-14 10:00:00
2025-10-21,10:00:00,股票,贝肯能源(002828.XSHE),卖,市价单,-21700股,11.14,-241738,-21700股,-,12586,302.17,全部成交,2025-10-21 10:00:00
2025-10-21,10:00:00,股票,天元股份(003003.XSHE),买,市价单,19500股,12.35,240825,19500股,-,0,60.21,全部成交,2025-10-21 10:00:00
2025-10-28,10:00:00,股票,麦趣尔(002719.XSHE),卖,市价单,-75000股,9.42,-706500,-75000股,-,66750,883.12,全部成交,2025-10-28 10:00:00
2025-10-28,10:00:00,股票,海象新材(003011.XSHE),卖,市价单,-10500股,22.74,-238770,-10500股,-,15225,298.46,全部成交,2025-10-28 10:00:00
2025-10-28,10:00:00,股票,三夫户外(002780.XSHE),卖,市价单,-16700股,14.48,-241816,-16700股,-,18370,302.27,全部成交,2025-10-28 10:00:00
2025-10-28,10:00:00,股票,天元股份(003003.XSHE),卖,市价单,-19500股,12.97,-252915,-19500股,-,12090,316.14,全部成交,2025-10-28 10:00:00
2025-10-28,10:00:00,股票,贝肯能源(002828.XSHE),买,市价单,126500股,11.37,1438305,126500股,-,0,359.58,全部成交,2025-10-28 10:00:00
2025-11-04,10:00:00,股票,亚联发展(002316.XSHE),卖,市价单,-42200股,5.37,-226614,-42200股,-,2110,283.27,全部成交,2025-11-04 10:00:00
2025-11-04,10:00:00,股票,三夫户外(002780.XSHE),买,市价单,7600股,14.89,113164,7600股,-,0,28.29,全部成交,2025-11-04 10:00:00
2025-11-04,10:00:00,股票,天元股份(003003.XSHE),买,市价单,8500股,13.31,113135,8500股,-,0,28.28,全部成交,2025-11-04 10:00:00
2025-11-14,14:00:00,股票,三夫户外(002780.XSHE),卖,市价单,-7600股,17.98,-136648,-7600股,-,23484,170.81,全部成交,2025-11-14 14:00:00
2025-11-18,10:00:00,股票,宏达高科(002144.XSHE),买,市价单,9600股,14.2,136320,9600股,-,0,34.08,全部成交,2025-11-18 10:00:00
2025-11-25,10:00:00,股票,宏达高科(002144.XSHE),卖,市价单,-9600股,13.2,-126720,-9600股,-,-9600,158.4,全部成交,2025-11-25 10:00:00
2025-11-25,10:00:00,股票,豪尔赛(002963.XSHE),买,市价单,2900股,14.42,41818,2900股,-,0,10.45,全部成交,2025-11-25 10:00:00
2025-11-25,10:00:00,股票,联诚精密(002921.XSHE),买,市价单,2700股,15.34,41418,2700股,-,0,10.35,全部成交,2025-11-25 10:00:00
2025-11-25,10:00:00,股票,力盛体育(002858.XSHE),买,市价单,2900股,14.21,41209,2900股,-,0,10.3,全部成交,2025-11-25 10:00:00
2025-12-02,10:00:00,股票,贝肯能源(002828.XSHE),卖,市价单,-126500股,11.99,-1516735,-126500股,-,78430,1895.92,全部成交,2025-12-02 10:00:00
2025-12-02,10:00:00,股票,豪尔赛(002963.XSHE),卖,市价单,-2900股,15.69,-45501,-2900股,-,3683,56.88,全部成交,2025-12-02 10:00:00
2025-12-02,10:00:00,股票,力盛体育(002858.XSHE),卖,市价单,-2900股,14.65,-42485,-2900股,-,1276,53.11,全部成交,2025-12-02 10:00:00
2025-12-02,14:00:00,股票,天元股份(003003.XSHE),卖,市价单,-8500股,13.85,-117725,-8500股,-,4590,147.16,全部成交,2025-12-02 14:00:00
2025-12-09,10:00:00,股票,联诚精密(002921.XSHE),卖,市价单,-2700股,15.72,-42444,-2700股,-,1026,53.06,全部成交,2025-12-09 10:00:00
2025-12-09,10:00:00,股票,豪尔赛(002963.XSHE),买,市价单,55800股,15.81,882198,55800股,-,0,220.55,全部成交,2025-12-09 10:00:00
2025-12-09,10:00:00,股票,贝肯能源(002828.XSHE),买,市价单,76500股,11.53,882045,76500股,-,0,220.51,全部成交,2025-12-09 10:00:00
2025-12-15,10:00:00,股票,豪尔赛(002963.XSHE),卖,市价单,-55800股,14.1,-786780,-55800股,-,-95418,983.47,全部成交,2025-12-15 10:00:00
2025-12-16,10:00:00,股票,贝肯能源(002828.XSHE),卖,市价单,-76500股,10.52,-804780,-76500股,-,-77265,1005.97,全部成交,2025-12-16 10:00:00
2025-12-16,10:00:00,股票,联诚精密(002921.XSHE),买,市价单,37300股,14.18,528914,37300股,-,0,132.23,全部成交,2025-12-16 10:00:00
2025-12-16,10:00:00,股票,豪尔赛(002963.XSHE),买,市价单,37800股,14,529200,37800股,-,0,132.3,全部成交,2025-12-16 10:00:00
2025-12-16,10:00:00,股票,海象新材(003011.XSHE),买,市价单,25000股,21.18,529500,25000股,-,0,132.38,全部成交,2025-12-16 10:00:00
2025-12-22,14:00:00,股票,中天服务(002188.XSHE),卖,市价单,-147000股,6.77,-995190,-147000股,-,179340,1243.99,全部成交,2025-12-22 14:00:00
2025-12-23,10:00:00,股票,豪尔赛(002963.XSHE),卖,市价单,-37800股,14.76,-557928,-37800股,-,28728,697.41,全部成交,2025-12-23 10:00:00
2025-12-23,10:00:00,股票,海象新材(003011.XSHE),卖,市价单,-25000股,22.16,-554000,-25000股,-,24500,692.5,全部成交,2025-12-23 10:00:00
2025-12-23,10:00:00,股票,中天服务(002188.XSHE),买,市价单,163300股,6.45,1053285,163300股,-,0,263.32,全部成交,2025-12-23 10:00:00
2025-12-23,10:00:00,股票,贝肯能源(002828.XSHE),买,市价单,96100股,10.96,1053256,96100股,-,0,263.31,全部成交,2025-12-23 10:00:00
2025-12-30,10:00:00,股票,联诚精密(002921.XSHE),卖,市价单,-37300股,15.19,-566587,-37300股,-,37673,708.23,全部成交,2025-12-30 10:00:00
2025-12-30,10:00:00,股票,海象新材(003011.XSHE),买,市价单,26200股,21.56,564872,26200股,-,0,141.22,全部成交,2025-12-30 10:00:00
2026-01-05,14:50:00,股票,中天服务(002188.XSHE),卖,市价单,-163300股,6.34,-1035322,-163300股,-,-17963,1294.15,全部成交,2026-01-05 14:50:00
2026-01-05,14:50:00,股票,贝肯能源(002828.XSHE),卖,市价单,-96100股,10.7,-1028270,-96100股,-,-24986,1285.34,全部成交,2026-01-05 14:50:00
2026-01-05,14:50:00,股票,海象新材(003011.XSHE),卖,市价单,-26200股,21.73,-569326,-26200股,-,4454,711.66,全部成交,2026-01-05 14:50:00
2026-01-06,10:00:00,基金,银华日利(511880.XSHG),买,市价单,26200股,100.049,2621283.8,26200股,-,0,0,全部成交,2026-01-06 10:00:00
2026-02-03,10:00:00,基金,银华日利(511880.XSHG),卖,市价单,-26200股,100.143,-2623746.6,-26200股,-,2462.8,0,全部成交,2026-02-03 10:00:00
2026-02-03,10:00:00,股票,豪尔赛(002963.XSHE),买,市价单,28400股,15.45,438780,28400股,-,0,109.7,全部成交,2026-02-03 10:00:00
2026-02-03,10:00:00,股票,中天服务(002188.XSHE),买,市价单,60600股,7.23,438138,60600股,-,0,109.53,全部成交,2026-02-03 10:00:00
2026-02-03,10:00:00,股票,黄山胶囊(002817.XSHE),买,市价单,52900股,8.28,438012,52900股,-,0,109.5,全部成交,2026-02-03 10:00:00
2026-02-03,10:00:00,股票,洪汇新材(002802.XSHE),买,市价单,32400股,13.53,438372,32400股,-,0,109.59,全部成交,2026-02-03 10:00:00
2026-02-03,10:00:00,股票,富煌钢构(002743.XSHE),买,市价单,77100股,5.69,438699,77100股,-,0,109.67,全部成交,2026-02-03 10:00:00
2026-02-03,10:00:00,股票,天元股份(003003.XSHE),买,市价单,31500股,13.89,437535,31500股,-,0,109.38,全部成交,2026-02-03 10:00:00
2026-02-10,10:00:00,股票,洪汇新材(002802.XSHE),卖,市价单,-32400股,13.84,-448416,-32400股,-,10044,560.52,全部成交,2026-02-10 10:00:00
2026-02-10,10:00:00,股票,富煌钢构(002743.XSHE),卖,市价单,-77100股,5.87,-452577,-77100股,-,13878,565.72,全部成交,2026-02-10 10:00:00
2026-02-10,10:00:00,股票,天元股份(003003.XSHE),卖,市价单,-31500股,14.31,-450765,-31500股,-,13230,563.46,全部成交,2026-02-10 10:00:00
2026-02-10,10:00:00,股票,桂发祥(002820.XSHE),买,市价单,105900股,12.77,1352343,105900股,-,0,338.09,全部成交,2026-02-10 10:00:00
2026-03-04,10:00:00,股票,桂发祥(002820.XSHE),卖,市价单,-105900股,11.41,-1208319,-105900股,-,-144024,1510.4,全部成交,2026-03-04 10:00:00
2026-03-10,10:00:00,股票,黄山胶囊(002817.XSHE),卖,市价单,-52900股,8.45,-447005,-52900股,-,8993,558.76,全部成交,2026-03-10 10:00:00
2026-03-10,10:00:00,股票,桂发祥(002820.XSHE),买,市价单,69400股,11.9,825860,69400股,-,0,206.46,全部成交,2026-03-10 10:00:00
2026-03-10,10:00:00,股票,凤形股份(002760.XSHE),买,市价单,33700股,24.51,825987,33700股,-,0,206.5,全部成交,2026-03-10 10:00:00
2026-03-11,14:00:00,股票,凤形股份(002760.XSHE),卖,市价单,-33700股,24.81,-836097,-33700股,-,10110,1045.12,全部成交,2026-03-11 14:00:00
2026-03-17,10:00:00,股票,亚联发展(002316.XSHE),买,市价单,142400股,5.87,835888,142400股,-,0,208.97,全部成交,2026-03-17 10:00:00
2026-03-20,10:00:00,股票,中天服务(002188.XSHE),卖,市价单,-60600股,6.51,-394506,-60600股,-,-43632,493.13,全部成交,2026-03-20 10:00:00
2026-03-23,10:00:00,股票,豪尔赛(002963.XSHE),卖,市价单,-28400股,13.95,-396180,-28400股,-,-42600,495.22,全部成交,2026-03-23 10:00:00
2026-03-23,10:00:00,股票,桂发祥(002820.XSHE),卖,市价单,-69400股,10.39,-721066,-69400股,-,-104794,901.33,全部成交,2026-03-23 10:00:00
2026-03-23,10:00:00,股票,亚联发展(002316.XSHE),卖,市价单,-142400股,5.05,-719120,-142400股,-,-116768,898.9,全部成交,2026-03-23 10:00:00
2026-03-23,14:00:00,基金,银华日利(511880.XSHG),买,市价单,22200股,100.282,2226260.4,22200股,-,0,0,全部成交,2026-03-23 14:00:00
2026-03-24,10:00:00,基金,银华日利(511880.XSHG),卖,市价单,-22200股,100.282,-2226260.4,-22200股,-,0,0,全部成交,2026-03-24 10:00:00
2026-03-24,10:00:00,股票,亚联发展(002316.XSHE),买,市价单,75100股,4.94,370994,75100股,-,0,92.75,全部成交,2026-03-24 10:00:00
2026-03-24,10:00:00,股票,中天服务(002188.XSHE),买,市价单,60500股,6.13,370865,60500股,-,0,92.72,全部成交,2026-03-24 10:00:00
2026-03-24,10:00:00,股票,豪尔赛(002963.XSHE),买,市价单,27300股,13.57,370461,27300股,-,0,92.62,全部成交,2026-03-24 10:00:00
2026-03-24,10:00:00,股票,桂发祥(002820.XSHE),买,市价单,35800股,10.36,370888,35800股,-,0,92.72,全部成交,2026-03-24 10:00:00
2026-03-24,10:00:00,股票,天元股份(003003.XSHE),买,市价单,30600股,12.1,370260,30600股,-,0,92.56,全部成交,2026-03-24 10:00:00
2026-03-24,10:00:00,股票,凤形股份(002760.XSHE),买,市价单,18800股,19.72,370736,18800股,-,0,92.68,全部成交,2026-03-24 10:00:00
2026-03-25,14:00:00,股票,亚联发展(002316.XSHE),卖,市价单,-75100股,5.48,-411548,-75100股,-,40554,514.44,全部成交,2026-03-25 14:00:00
2026-03-31,10:00:00,股票,天元股份(003003.XSHE),卖,市价单,-30600股,13.37,-409122,-30600股,-,38862,511.4,全部成交,2026-03-31 10:00:00
2026-03-31,10:00:00,股票,凤形股份(002760.XSHE),卖,市价单,-18800股,21.88,-411344,-18800股,-,40608,514.18,全部成交,2026-03-31 10:00:00
2026-03-31,10:00:00,股票,亚联发展(002316.XSHE),买,市价单,213800股,5.77,1233626,213800股,-,0,308.41,全部成交,2026-03-31 10:00:00
2026-04-01,14:50:00,股票,中天服务(002188.XSHE),卖,市价单,-60500股,6.55,-396275,-60500股,-,25410,495.34,全部成交,2026-04-01 14:50:00
2026-04-01,14:50:00,股票,豪尔赛(002963.XSHE),卖,市价单,-27300股,14.79,-403767,-27300股,-,33306,504.71,全部成交,2026-04-01 14:50:00
2026-04-01,14:50:00,股票,桂发祥(002820.XSHE),卖,市价单,-35800股,10.96,-392368,-35800股,-,21480,490.46,全部成交,2026-04-01 14:50:00
2026-04-01,14:50:00,股票,亚联发展(002316.XSHE),卖,市价单,-213800股,5.67,-1212246,-213800股,-,-21380,1515.31,全部成交,2026-04-01 14:50:00
2026-04-08,10:00:00,基金,银华日利(511880.XSHG),买,市价单,23900股,100.328,2397839.2,23900股,-,0,0,全部成交,2026-04-08 10:00:00
