date,codes
2005-01-04,"['000008.SZ', '000040.SZ', '000043.SZ', '000507.SZ', '000509.SZ', '000584.SZ', '000671.SZ', '000716.SZ', '000803.SZ', '000835.SZ', '000915.SZ', '001914.SZ', '600095.SH', '600118.SH', '600119.SH', '600158.SH', '600247.SH', '600551.SH', '600622.SH', '600624.SH', '600647.SH', '600652.SH', '600659.SH', '600661.SH', '600677.SH', '600691.SH', '600700.SH', '600701.SH', '600706.SH', '600730.SH', '600777.SH', '600784.SH', '600805.SH', '600811.SH', '600837.SH', '600846.SH', '600858.SH']"
2005-09-01,"['000008.SZ', '000040.SZ', '000043.SZ', '000507.SZ', '000509.SZ', '000584.SZ', '000671.SZ', '000716.SZ', '000803.SZ', '000835.SZ', '000915.SZ', '001914.SZ', '600095.SH', '600118.SH', '600119.SH', '600158.SH', '600247.SH', '600551.SH', '600622.SH', '600624.SH', '600647.SH', '600652.SH', '600659.SH', '600661.SH', '600677.SH', '600691.SH', '600700.SH', '600701.SH', '600706.SH', '600730.SH', '600777.SH', '600784.SH', '600805.SH', '600811.SH', '600846.SH']"
2005-09-20,"['000008.SZ', '000040.SZ', '000043.SZ', '000507.SZ', '000509.SZ', '000584.SZ', '000671.SZ', '000716.SZ', '000803.SZ', '000835.SZ', '000915.SZ', '001914.SZ', '600095.SH', '600118.SH', '600119.SH', '600158.SH', '600247.SH', '600551.SH', '600622.SH', '600624.SH', '600647.SH', '600652.SH', '600659.SH', '600661.SH', '600677.SH', '600691.SH', '600701.SH', '600706.SH', '600730.SH', '600777.SH', '600784.SH', '600805.SH', '600811.SH', '600846.SH']"
2006-03-23,"['000008.SZ', '000040.SZ', '000043.SZ', '000507.SZ', '000509.SZ', '000584.SZ', '000671.SZ', '000716.SZ', '000803.SZ', '000835.SZ', '000915.SZ', '001914.SZ', '600095.SH', '600118.SH', '600119.SH', '600158.SH', '600247.SH', '600551.SH', '600622.SH', '600624.SH', '600647.SH', '600652.SH', '600661.SH', '600677.SH', '600691.SH', '600701.SH', '600706.SH', '600730.SH', '600777.SH', '600784.SH', '600805.SH', '600811.SH', '600846.SH']"
2006-09-01,"['000008.SZ', '000040.SZ', '000043.SZ', '000507.SZ', '000509.SZ', '000584.SZ', '000652.SZ', '000671.SZ', '000716.SZ', '000835.SZ', '000915.SZ', '001914.SZ', '600095.SH', '600118.SH', '600119.SH', '600158.SH', '600551.SH', '600614.SH', '600622.SH', '600624.SH', '600647.SH', '600652.SH', '600661.SH', '600677.SH', '600691.SH', '600701.SH', '600706.SH', '600730.SH', '600777.SH', '600784.SH', '600805.SH', '600811.SH', '600846.SH']"
2007-07-02,"['000008.SZ', '000010.SZ', '000040.SZ', '000055.SZ', '000151.SZ', '000409.SZ', '000507.SZ', '000509.SZ', '000547.SZ', '000578.SZ', '000593.SZ', '000622.SZ', '000632.SZ', '000652.SZ', '000691.SZ', '000701.SZ', '000703.SZ', '000803.SZ', '000863.SZ', '000881.SZ', '000906.SZ', '000915.SZ', '600051.SH', '600067.SH', '600095.SH', '600113.SH', '600119.SH', '600133.SH', '600151.SH', '600158.SH', '600193.SH', '600209.SH', '600212.SH', '600551.SH', '600608.SH', '600620.SH', '600622.SH', '600624.SH', '600647.SH', '600652.SH', '600661.SH', '600691.SH', '600701.SH', '600724.SH', '600730.SH', '600759.SH', '600777.SH', '600783.SH', '600784.SH', '600805.SH', '600811.SH', '600846.SH', '600883.SH', '600892.SH']"
2008-06-02,"['000008.SZ', '000010.SZ', '000040.SZ', '000055.SZ', '000151.SZ', '000409.SZ', '000507.SZ', '000509.SZ', '000547.SZ', '000578.SZ', '000593.SZ', '000622.SZ', '000632.SZ', '000652.SZ', '000691.SZ', '000701.SZ', '000703.SZ', '000803.SZ', '000863.SZ', '000881.SZ', '000906.SZ', '000915.SZ', '600051.SH', '600067.SH', '600095.SH', '600110.SH', '600113.SH', '600119.SH', '600133.SH', '600151.SH', '600158.SH', '600193.SH', '600209.SH', '600212.SH', '600551.SH', '600608.SH', '600620.SH', '600622.SH', '600624.SH', '600647.SH', '600652.SH', '600661.SH', '600691.SH', '600701.SH', '600724.SH', '600730.SH', '600759.SH', '600777.SH', '600783.SH', '600784.SH', '600805.SH', '600811.SH', '600846.SH', '600883.SH', '600892.SH']"
2009-06-01,"['000008.SZ', '000010.SZ', '000040.SZ', '000055.SZ', '000151.SZ', '000409.SZ', '000507.SZ', '000509.SZ', '000547.SZ', '000593.SZ', '000622.SZ', '000632.SZ', '000652.SZ', '000691.SZ', '000701.SZ', '000703.SZ', '000803.SZ', '000863.SZ', '000881.SZ', '000906.SZ', '000915.SZ', '600051.SH', '600095.SH', '600113.SH', '600133.SH', '600151.SH', '600158.SH', '600193.SH', '600212.SH', '600608.SH', '600620.SH', '600622.SH', '600624.SH', '600647.SH', '600652.SH', '600661.SH', '600691.SH', '600701.SH', '600724.SH', '600730.SH', '600759.SH', '600777.SH', '600783.SH', '600784.SH', '600805.SH', '600811.SH', '600846.SH', '600883.SH', '600892.SH']"
2009-10-12,"['000008.SZ', '000010.SZ', '000040.SZ', '000055.SZ', '000151.SZ', '000409.SZ', '000507.SZ', '000509.SZ', '000547.SZ', '000593.SZ', '000622.SZ', '000632.SZ', '000652.SZ', '000691.SZ', '000701.SZ', '000703.SZ', '000803.SZ', '000863.SZ', '000881.SZ', '000906.SZ', '000915.SZ', '300012.SZ', '600051.SH', '600095.SH', '600113.SH', '600133.SH', '600151.SH', '600158.SH', '600193.SH', '600212.SH', '600608.SH', '600620.SH', '600622.SH', '600624.SH', '600647.SH', '600652.SH', '600661.SH', '600691.SH', '600701.SH', '600724.SH', '600730.SH', '600759.SH', '600777.SH', '600783.SH', '600784.SH', '600805.SH', '600811.SH', '600846.SH', '600883.SH', '600892.SH']"
2010-06-01,"['000008.SZ', '000010.SZ', '000055.SZ', '000151.SZ', '000409.SZ', '000507.SZ', '000509.SZ', '000547.SZ', '000593.SZ', '000622.SZ', '000632.SZ', '000652.SZ', '000691.SZ', '000701.SZ', '000703.SZ', '000722.SZ', '000863.SZ', '000881.SZ', '000906.SZ', '000915.SZ', '300012.SZ', '600051.SH', '600095.SH', '600113.SH', '600133.SH', '600151.SH', '600193.SH', '600212.SH', '600608.SH', '600620.SH', '600622.SH', '600624.SH', '600647.SH', '600652.SH', '600661.SH', '600691.SH', '600701.SH', '600724.SH', '600730.SH', '600759.SH', '600783.SH', '600784.SH', '600805.SH', '600811.SH', '600846.SH', '600883.SH', '600892.SH']"
2010-10-08,"['000008.SZ', '000010.SZ', '000055.SZ', '000409.SZ', '000507.SZ', '000509.SZ', '000547.SZ', '000593.SZ', '000622.SZ', '000632.SZ', '000652.SZ', '000691.SZ', '000701.SZ', '000703.SZ', '000722.SZ', '000863.SZ', '000881.SZ', '000906.SZ', '000915.SZ', '300012.SZ', '600051.SH', '600095.SH', '600113.SH', '600133.SH', '600151.SH', '600193.SH', '600212.SH', '600608.SH', '600620.SH', '600622.SH', '600624.SH', '600647.SH', '600652.SH', '600661.SH', '600691.SH', '600701.SH', '600724.SH', '600730.SH', '600759.SH', '600783.SH', '600784.SH', '600805.SH', '600811.SH', '600846.SH', '600883.SH', '600892.SH']"
2011-02-09,"['000008.SZ', '000010.SZ', '000055.SZ', '000409.SZ', '000507.SZ', '000509.SZ', '000547.SZ', '000593.SZ', '000622.SZ', '000632.SZ', '000652.SZ', '000691.SZ', '000701.SZ', '000703.SZ', '000722.SZ', '000863.SZ', '000881.SZ', '000906.SZ', '000915.SZ', '002549.SZ', '300012.SZ', '600051.SH', '600095.SH', '600113.SH', '600133.SH', '600151.SH', '600193.SH', '600212.SH', '600608.SH', '600620.SH', '600622.SH', '600624.SH', '600647.SH', '600652.SH', '600661.SH', '600691.SH', '600701.SH', '600724.SH', '600730.SH', '600759.SH', '600783.SH', '600784.SH', '600805.SH', '600811.SH', '600846.SH', '600883.SH', '600892.SH']"
2011-10-10,"['000008.SZ', '000010.SZ', '000030.SZ', '000409.SZ', '000529.SZ', '000547.SZ', '000551.SZ', '000593.SZ', '000620.SZ', '000622.SZ', '000632.SZ', '000652.SZ', '000681.SZ', '000691.SZ', '000701.SZ', '000710.SZ', '000722.SZ', '000813.SZ', '000836.SZ', '000863.SZ', '000881.SZ', '300012.SZ', '600051.SH', '600083.SH', '600095.SH', '600133.SH', '600193.SH', '600212.SH', '600277.SH', '600603.SH', '600608.SH', '600617.SH', '600622.SH', '600624.SH', '600656.SH', '600661.SH', '600691.SH', '600701.SH', '600724.SH', '600730.SH', '600770.SH', '600811.SH', '600817.SH', '600818.SH', '600846.SH', '600851.SH', '600883.SH', '600892.SH']"
2012-07-02,"['000008.SZ', '000010.SZ', '000030.SZ', '000409.SZ', '000529.SZ', '000547.SZ', '000551.SZ', '000593.SZ', '000620.SZ', '000622.SZ', '000632.SZ', '000652.SZ', '000669.SZ', '000681.SZ', '000691.SZ', '000701.SZ', '000710.SZ', '000722.SZ', '000813.SZ', '000836.SZ', '000881.SZ', '300012.SZ', '600051.SH', '600083.SH', '600095.SH', '600133.SH', '600193.SH', '600212.SH', '600277.SH', '600603.SH', '600608.SH', '600617.SH', '600622.SH', '600624.SH', '600656.SH', '600661.SH', '600691.SH', '600701.SH', '600724.SH', '600730.SH', '600770.SH', '600811.SH', '600817.SH', '600818.SH', '600846.SH', '600851.SH', '600883.SH', '600892.SH']"
2012-10-08,"['000007.SZ', '000008.SZ', '000010.SZ', '000030.SZ', '000409.SZ', '000529.SZ', '000547.SZ', '000551.SZ', '000593.SZ', '000622.SZ', '000632.SZ', '000652.SZ', '000669.SZ', '000681.SZ', '000701.SZ', '000722.SZ', '000813.SZ', '000836.SZ', '000881.SZ', '000975.SZ', '300012.SZ', '600051.SH', '600083.SH', '600095.SH', '600133.SH', '600193.SH', '600212.SH', '600277.SH', '600419.SH', '600603.SH', '600608.SH', '600617.SH', '600622.SH', '600624.SH', '600656.SH', '600661.SH', '600691.SH', '600701.SH', '600724.SH', '600730.SH', '600770.SH', '600811.SH', '600817.SH', '600818.SH', '600846.SH', '600851.SH', '600883.SH', '600892.SH']"
2013-07-01,"['000009.SZ', '000010.SZ', '000018.SZ', '000068.SZ', '000529.SZ', '000547.SZ', '000551.SZ', '000593.SZ', '000628.SZ', '000632.SZ', '000652.SZ', '000681.SZ', '000701.SZ', '000711.SZ', '000813.SZ', '000839.SZ', '000881.SZ', '000892.SZ', '002113.SZ', '300012.SZ', '600051.SH', '600053.SH', '600083.SH', '600095.SH', '600133.SH', '600136.SH', '600207.SH', '600212.SH', '600275.SH', '600277.SH', '600419.SH', '600421.SH', '600556.SH', '600576.SH', '600603.SH', '600608.SH', '600614.SH', '600617.SH', '600622.SH', '600624.SH', '600634.SH', '600661.SH', '600701.SH', '600730.SH', '600733.SH', '600770.SH', '600811.SH', '600817.SH', '600818.SH', '600846.SH', '600851.SH', '600883.SH', '600884.SH', '600892.SH']"
2014-07-01,"['000009.SZ', '000010.SZ', '000018.SZ', '000068.SZ', '000421.SZ', '000529.SZ', '000546.SZ', '000551.SZ', '000593.SZ', '000628.SZ', '000632.SZ', '000652.SZ', '000701.SZ', '000711.SZ', '000813.SZ', '000839.SZ', '000881.SZ', '000892.SZ', '002113.SZ', '300012.SZ', '600051.SH', '600053.SH', '600083.SH', '600133.SH', '600136.SH', '600200.SH', '600207.SH', '600212.SH', '600234.SH', '600260.SH', '600275.SH', '600277.SH', '600419.SH', '600421.SH', '600556.SH', '600603.SH', '600608.SH', '600614.SH', '600624.SH', '600634.SH', '600701.SH', '600708.SH', '600730.SH', '600733.SH', '600770.SH', '600811.SH', '600817.SH', '600818.SH', '600846.SH', '600851.SH', '600883.SH', '600884.SH', '600892.SH']"
2015-01-19,"['000009.SZ', '000010.SZ', '000018.SZ', '000068.SZ', '000421.SZ', '000529.SZ', '000546.SZ', '000551.SZ', '000593.SZ', '000628.SZ', '000632.SZ', '000652.SZ', '000701.SZ', '000711.SZ', '000813.SZ', '000839.SZ', '000881.SZ', '000892.SZ', '002113.SZ', '300012.SZ', '600051.SH', '600053.SH', '600083.SH', '600133.SH', '600136.SH', '600200.SH', '600207.SH', '600212.SH', '600234.SH', '600260.SH', '600275.SH', '600277.SH', '600419.SH', '600421.SH', '600556.SH', '600603.SH', '600608.SH', '600614.SH', '600624.SH', '600634.SH', '600701.SH', '600708.SH', '600730.SH', '600770.SH', '600811.SH', '600817.SH', '600818.SH', '600846.SH', '600851.SH', '600883.SH', '600884.SH', '600892.SH']"
2015-07-01,"['000009.SZ', '000068.SZ', '000421.SZ', '000529.SZ', '000611.SZ', '000628.SZ', '000632.SZ', '000652.SZ', '000711.SZ', '000839.SZ', '000881.SZ', '000892.SZ', '000933.SZ', '002113.SZ', '002131.SZ', '300012.SZ', '600051.SH', '600053.SH', '600083.SH', '600133.SH', '600136.SH', '600200.SH', '600207.SH', '600212.SH', '600234.SH', '600260.SH', '600275.SH', '600277.SH', '600419.SH', '600421.SH', '600556.SH', '600603.SH', '600608.SH', '600614.SH', '600624.SH', '600634.SH', '600701.SH', '600708.SH', '600730.SH', '600770.SH', '600811.SH', '600817.SH', '600818.SH', '600846.SH', '600851.SH', '600883.SH', '600884.SH', '600892.SH']"
2015-10-08,"['000009.SZ', '000068.SZ', '000421.SZ', '000529.SZ', '000611.SZ', '000628.SZ', '000632.SZ', '000652.SZ', '000711.SZ', '000839.SZ', '000881.SZ', '000892.SZ', '000933.SZ', '002113.SZ', '002131.SZ', '300012.SZ', '600051.SH', '600053.SH', '600083.SH', '600113.SH', '600133.SH', '600136.SH', '600149.SH', '600200.SH', '600207.SH', '600212.SH', '600234.SH', '600260.SH', '600275.SH', '600277.SH', '600419.SH', '600421.SH', '600556.SH', '600603.SH', '600608.SH', '600614.SH', '600620.SH', '600624.SH', '600634.SH', '600701.SH', '600708.SH', '600730.SH', '600770.SH', '600811.SH', '600817.SH', '600818.SH', '600846.SH', '600851.SH', '600883.SH', '600884.SH', '600892.SH']"
2015-10-26,"['000009.SZ', '000068.SZ', '000421.SZ', '000529.SZ', '000593.SZ', '000611.SZ', '000628.SZ', '000632.SZ', '000652.SZ', '000711.SZ', '000839.SZ', '000881.SZ', '000892.SZ', '000933.SZ', '000993.SZ', '002113.SZ', '002131.SZ', '300012.SZ', '600051.SH', '600053.SH', '600083.SH', '600113.SH', '600133.SH', '600136.SH', '600149.SH', '600200.SH', '600207.SH', '600212.SH', '600234.SH', '600260.SH', '600275.SH', '600277.SH', '600419.SH', '600421.SH', '600556.SH', '600603.SH', '600608.SH', '600614.SH', '600620.SH', '600624.SH', '600634.SH', '600701.SH', '600708.SH', '600730.SH', '600770.SH', '600811.SH', '600817.SH', '600818.SH', '600846.SH', '600851.SH', '600883.SH', '600884.SH', '600892.SH']"
2015-11-02,"['000009.SZ', '000068.SZ', '000421.SZ', '000529.SZ', '000611.SZ', '000628.SZ', '000632.SZ', '000652.SZ', '000711.SZ', '000839.SZ', '000881.SZ', '000993.SZ', '002113.SZ', '300012.SZ', '600051.SH', '600053.SH', '600083.SH', '600113.SH', '600133.SH', '600136.SH', '600149.SH', '600200.SH', '600207.SH', '600212.SH', '600234.SH', '600260.SH', '600275.SH', '600277.SH', '600419.SH', '600421.SH', '600556.SH', '600603.SH', '600608.SH', '600620.SH', '600624.SH', '600634.SH', '600701.SH', '600708.SH', '600730.SH', '600770.SH', '600811.SH', '600817.SH', '600818.SH', '600846.SH', '600851.SH', '600883.SH', '600884.SH', '600892.SH']"
2015-11-03,"['000009.SZ', '000068.SZ', '000421.SZ', '000529.SZ', '000611.SZ', '000628.SZ', '000632.SZ', '000652.SZ', '000711.SZ', '000839.SZ', '000881.SZ', '000993.SZ', '002113.SZ', '300012.SZ', '600051.SH', '600053.SH', '600083.SH', '600113.SH', '600133.SH', '600136.SH', '600149.SH', '600200.SH', '600207.SH', '600212.SH', '600234.SH', '600260.SH', '600275.SH', '600277.SH', '600419.SH', '600421.SH', '600556.SH', '600603.SH', '600608.SH', '600620.SH', '600624.SH', '600634.SH', '600701.SH', '600730.SH', '600770.SH', '600811.SH', '600817.SH', '600818.SH', '600846.SH', '600851.SH', '600883.SH', '600884.SH', '600892.SH']"
2016-02-19,"['000009.SZ', '000068.SZ', '000421.SZ', '000529.SZ', '000611.SZ', '000628.SZ', '000632.SZ', '000652.SZ', '000711.SZ', '000839.SZ', '000881.SZ', '000993.SZ', '002113.SZ', '300012.SZ', '600051.SH', '600053.SH', '600083.SH', '600113.SH', '600133.SH', '600149.SH', '600200.SH', '600207.SH', '600212.SH', '600234.SH', '600260.SH', '600275.SH', '600277.SH', '600419.SH', '600421.SH', '600556.SH', '600603.SH', '600608.SH', '600620.SH', '600624.SH', '600634.SH', '600701.SH', '600730.SH', '600770.SH', '600811.SH', '600817.SH', '600818.SH', '600846.SH', '600851.SH', '600883.SH', '600884.SH', '600892.SH']"
2016-05-03,"['000009.SZ', '000068.SZ', '000529.SZ', '000611.SZ', '000628.SZ', '000632.SZ', '000652.SZ', '000711.SZ', '000839.SZ', '000881.SZ', '000993.SZ', '002113.SZ', '300012.SZ', '600051.SH', '600053.SH', '600083.SH', '600113.SH', '600133.SH', '600149.SH', '600200.SH', '600207.SH', '600212.SH', '600234.SH', '600260.SH', '600275.SH', '600277.SH', '600419.SH', '600421.SH', '600556.SH', '600603.SH', '600608.SH', '600620.SH', '600624.SH', '600634.SH', '600701.SH', '600730.SH', '600770.SH', '600811.SH', '600817.SH', '600818.SH', '600846.SH', '600851.SH', '600883.SH', '600884.SH', '600892.SH']"
2016-06-01,"['000009.SZ', '000068.SZ', '000529.SZ', '000611.SZ', '000628.SZ', '000632.SZ', '000652.SZ', '000711.SZ', '000839.SZ', '000881.SZ', '000993.SZ', '002113.SZ', '300012.SZ', '600051.SH', '600053.SH', '600083.SH', '600113.SH', '600133.SH', '600149.SH', '600175.SH', '600200.SH', '600207.SH', '600212.SH', '600234.SH', '600260.SH', '600275.SH', '600277.SH', '600419.SH', '600421.SH', '600556.SH', '600603.SH', '600608.SH', '600620.SH', '600624.SH', '600634.SH', '600701.SH', '600730.SH', '600770.SH', '600811.SH', '600817.SH', '600818.SH', '600846.SH', '600851.SH', '600883.SH', '600884.SH', '600892.SH']"
2016-06-23,"['000009.SZ', '000068.SZ', '000529.SZ', '000628.SZ', '000632.SZ', '000652.SZ', '000711.SZ', '000839.SZ', '000881.SZ', '000993.SZ', '002113.SZ', '300012.SZ', '600051.SH', '600053.SH', '600083.SH', '600113.SH', '600133.SH', '600149.SH', '600175.SH', '600200.SH', '600207.SH', '600212.SH', '600234.SH', '600260.SH', '600275.SH', '600277.SH', '600419.SH', '600421.SH', '600556.SH', '600603.SH', '600620.SH', '600624.SH', '600634.SH', '600701.SH', '600730.SH', '600770.SH', '600811.SH', '600817.SH', '600818.SH', '600846.SH', '600884.SH']"
2016-11-07,"['000009.SZ', '000068.SZ', '000529.SZ', '000628.SZ', '000632.SZ', '000652.SZ', '000711.SZ', '000839.SZ', '000881.SZ', '000993.SZ', '002113.SZ', '300012.SZ', '600051.SH', '600053.SH', '600083.SH', '600113.SH', '600133.SH', '600149.SH', '600175.SH', '600200.SH', '600207.SH', '600212.SH', '600234.SH', '600260.SH', '600275.SH', '600277.SH', '600419.SH', '600421.SH', '600556.SH', '600603.SH', '600620.SH', '600624.SH', '600634.SH', '600701.SH', '600730.SH', '600770.SH', '600811.SH', '600817.SH', '600818.SH', '600846.SH', '600884.SH', '603060.SH']"
2017-05-17,"['000009.SZ', '000068.SZ', '000529.SZ', '000628.SZ', '000632.SZ', '000652.SZ', '000711.SZ', '000839.SZ', '000881.SZ', '000993.SZ', '002113.SZ', '300012.SZ', '300662.SZ', '600051.SH', '600053.SH', '600083.SH', '600113.SH', '600133.SH', '600149.SH', '600175.SH', '600200.SH', '600207.SH', '600212.SH', '600234.SH', '600260.SH', '600275.SH', '600277.SH', '600419.SH', '600421.SH', '600556.SH', '600603.SH', '600620.SH', '600624.SH', '600634.SH', '600701.SH', '600730.SH', '600770.SH', '600811.SH', '600817.SH', '600818.SH', '600846.SH', '600884.SH', '603060.SH']"
2017-05-22,"['000009.SZ', '000068.SZ', '000529.SZ', '000628.SZ', '000632.SZ', '000652.SZ', '000711.SZ', '000839.SZ', '000881.SZ', '000993.SZ', '002113.SZ', '300012.SZ', '600051.SH', '600053.SH', '600083.SH', '600113.SH', '600133.SH', '600149.SH', '600175.SH', '600200.SH', '600207.SH', '600212.SH', '600234.SH', '600260.SH', '600275.SH', '600277.SH', '600419.SH', '600421.SH', '600556.SH', '600603.SH', '600620.SH', '600624.SH', '600634.SH', '600701.SH', '600730.SH', '600770.SH', '600811.SH', '600817.SH', '600818.SH', '600846.SH', '600884.SH', '603060.SH']"
2017-06-29,"['000007.SZ', '000009.SZ', '000409.SZ', '000529.SZ', '000628.SZ', '000632.SZ', '000638.SZ', '000652.SZ', '000711.SZ', '000833.SZ', '000839.SZ', '000881.SZ', '000931.SZ', '000993.SZ', '002018.SZ', '300012.SZ', '600051.SH', '600053.SH', '600082.SH', '600083.SH', '600113.SH', '600128.SH', '600139.SH', '600149.SH', '600175.SH', '600200.SH', '600207.SH', '600212.SH', '600234.SH', '600275.SH', '600419.SH', '600421.SH', '600455.SH', '600556.SH', '600603.SH', '600620.SH', '600624.SH', '600634.SH', '600704.SH', '600730.SH', '600747.SH', '600769.SH', '600770.SH', '600784.SH', '600805.SH', '600811.SH', '600817.SH', '600818.SH', '600846.SH', '601992.SH', '603060.SH']"
2017-08-07,"['000007.SZ', '000009.SZ', '000409.SZ', '000529.SZ', '000628.SZ', '000632.SZ', '000638.SZ', '000652.SZ', '000711.SZ', '000833.SZ', '000839.SZ', '000881.SZ', '000931.SZ', '000993.SZ', '002018.SZ', '300012.SZ', '300688.SZ', '600051.SH', '600053.SH', '600082.SH', '600083.SH', '600113.SH', '600128.SH', '600139.SH', '600149.SH', '600175.SH', '600200.SH', '600207.SH', '600212.SH', '600234.SH', '600275.SH', '600419.SH', '600421.SH', '600455.SH', '600556.SH', '600603.SH', '600620.SH', '600624.SH', '600634.SH', '600704.SH', '600730.SH', '600747.SH', '600769.SH', '600770.SH', '600784.SH', '600805.SH', '600811.SH', '600817.SH', '600818.SH', '600846.SH', '601992.SH', '603060.SH']"
2017-08-28,"['000007.SZ', '000009.SZ', '000409.SZ', '000529.SZ', '000628.SZ', '000632.SZ', '000638.SZ', '000652.SZ', '000711.SZ', '000833.SZ', '000839.SZ', '000881.SZ', '000931.SZ', '000993.SZ', '002018.SZ', '300012.SZ', '300688.SZ', '600051.SH', '600053.SH', '600082.SH', '600083.SH', '600113.SH', '600128.SH', '600139.SH', '600149.SH', '600175.SH', '600200.SH', '600207.SH', '600212.SH', '600234.SH', '600275.SH', '600419.SH', '600421.SH', '600455.SH', '600556.SH', '600603.SH', '600620.SH', '600624.SH', '600634.SH', '600704.SH', '600730.SH', '600747.SH', '600769.SH', '600770.SH', '600784.SH', '600805.SH', '600811.SH', '600817.SH', '600818.SH', '600846.SH', '601992.SH', '603060.SH', '603183.SH']"
2018-07-16,"['000007.SZ', '000009.SZ', '000409.SZ', '000529.SZ', '000632.SZ', '000638.SZ', '000652.SZ', '000833.SZ', '000839.SZ', '000881.SZ', '000931.SZ', '000993.SZ', '002018.SZ', '300012.SZ', '300688.SZ', '600051.SH', '600070.SH', '600082.SH', '600083.SH', '600128.SH', '600139.SH', '600149.SH', '600175.SH', '600200.SH', '600212.SH', '600234.SH', '600281.SH', '600382.SH', '600556.SH', '600603.SH', '600620.SH', '600624.SH', '600704.SH', '600730.SH', '600747.SH', '600770.SH', '600784.SH', '600805.SH', '600811.SH', '600817.SH', '600818.SH', '601992.SH', '603060.SH', '603183.SH']"
2019-01-09,"['000007.SZ', '000009.SZ', '000409.SZ', '000529.SZ', '000632.SZ', '000638.SZ', '000652.SZ', '000833.SZ', '000839.SZ', '000881.SZ', '000931.SZ', '002018.SZ', '300012.SZ', '300688.SZ', '600051.SH', '600070.SH', '600082.SH', '600083.SH', '600128.SH', '600139.SH', '600149.SH', '600175.SH', '600200.SH', '600212.SH', '600234.SH', '600281.SH', '600382.SH', '600556.SH', '600603.SH', '600620.SH', '600624.SH', '600704.SH', '600730.SH', '600747.SH', '600770.SH', '600784.SH', '600805.SH', '600811.SH', '600817.SH', '600818.SH', '601992.SH', '603060.SH', '603183.SH']"
2019-06-21,"['000007.SZ', '000009.SZ', '000409.SZ', '000529.SZ', '000632.SZ', '000638.SZ', '000652.SZ', '000833.SZ', '000839.SZ', '000881.SZ', '000931.SZ', '002018.SZ', '300012.SZ', '300688.SZ', '300938.SZ', '600051.SH', '600070.SH', '600082.SH', '600083.SH', '600128.SH', '600139.SH', '600149.SH', '600175.SH', '600200.SH', '600212.SH', '600234.SH', '600281.SH', '600382.SH', '600556.SH', '600603.SH', '600620.SH', '600624.SH', '600704.SH', '600730.SH', '600747.SH', '600770.SH', '600784.SH', '600805.SH', '600811.SH', '600817.SH', '600818.SH', '601992.SH', '603060.SH', '603183.SH']"
2019-07-08,"['000009.SZ', '000409.SZ', '000632.SZ', '000638.SZ', '000652.SZ', '000839.SZ', '002018.SZ', '300012.SZ', '300688.SZ', '300938.SZ', '600051.SH', '600070.SH', '600083.SH', '600128.SH', '600139.SH', '600149.SH', '600175.SH', '600212.SH', '600234.SH', '600281.SH', '600382.SH', '600556.SH', '600603.SH', '600620.SH', '600624.SH', '600730.SH', '600747.SH', '600770.SH', '600784.SH', '600805.SH', '600811.SH', '600817.SH', '600818.SH', '603060.SH', '603183.SH']"
2019-09-27,"['000009.SZ', '000409.SZ', '000632.SZ', '000638.SZ', '000652.SZ', '000839.SZ', '002018.SZ', '300012.SZ', '300688.SZ', '300795.SZ', '300938.SZ', '600051.SH', '600070.SH', '600083.SH', '600128.SH', '600139.SH', '600149.SH', '600175.SH', '600212.SH', '600234.SH', '600281.SH', '600382.SH', '600556.SH', '600603.SH', '600620.SH', '600624.SH', '600730.SH', '600747.SH', '600770.SH', '600784.SH', '600805.SH', '600811.SH', '600817.SH', '600818.SH', '603060.SH', '603183.SH']"
2019-10-14,"['000009.SZ', '000409.SZ', '000632.SZ', '000638.SZ', '000652.SZ', '000839.SZ', '002018.SZ', '300012.SZ', '300688.SZ', '300795.SZ', '300797.SZ', '300938.SZ', '600051.SH', '600070.SH', '600083.SH', '600128.SH', '600139.SH', '600149.SH', '600175.SH', '600212.SH', '600234.SH', '600281.SH', '600382.SH', '600556.SH', '600603.SH', '600620.SH', '600624.SH', '600730.SH', '600747.SH', '600770.SH', '600784.SH', '600805.SH', '600811.SH', '600817.SH', '600818.SH', '603060.SH', '603183.SH']"
2019-10-28,"['000009.SZ', '000409.SZ', '000632.SZ', '000638.SZ', '000652.SZ', '000839.SZ', '002018.SZ', '002967.SZ', '300012.SZ', '300688.SZ', '300795.SZ', '300797.SZ', '300938.SZ', '600051.SH', '600070.SH', '600083.SH', '600128.SH', '600139.SH', '600149.SH', '600175.SH', '600212.SH', '600234.SH', '600281.SH', '600382.SH', '600556.SH', '600603.SH', '600620.SH', '600624.SH', '600730.SH', '600747.SH', '600770.SH', '600784.SH', '600805.SH', '600811.SH', '600817.SH', '600818.SH', '603060.SH', '603183.SH']"
2019-11-01,"['000009.SZ', '000409.SZ', '000632.SZ', '000638.SZ', '000652.SZ', '000839.SZ', '002967.SZ', '300012.SZ', '300688.SZ', '300795.SZ', '300797.SZ', '300938.SZ', '600051.SH', '600070.SH', '600083.SH', '600128.SH', '600139.SH', '600149.SH', '600175.SH', '600212.SH', '600234.SH', '600281.SH', '600382.SH', '600556.SH', '600603.SH', '600620.SH', '600624.SH', '600730.SH', '600747.SH', '600770.SH', '600784.SH', '600805.SH', '600811.SH', '600817.SH', '600818.SH', '603060.SH', '603183.SH']"
2019-12-12,"['000009.SZ', '000409.SZ', '000632.SZ', '000638.SZ', '000652.SZ', '000839.SZ', '002967.SZ', '300012.SZ', '300688.SZ', '300795.SZ', '300797.SZ', '300887.SZ', '300938.SZ', '600051.SH', '600070.SH', '600083.SH', '600128.SH', '600139.SH', '600149.SH', '600175.SH', '600212.SH', '600234.SH', '600281.SH', '600382.SH', '600556.SH', '600603.SH', '600620.SH', '600624.SH', '600730.SH', '600770.SH', '600784.SH', '600805.SH', '600811.SH', '600817.SH', '600818.SH', '603060.SH', '603183.SH']"
2019-12-20,"['000009.SZ', '000409.SZ', '000632.SZ', '000638.SZ', '000652.SZ', '000839.SZ', '002967.SZ', '300012.SZ', '300688.SZ', '300795.SZ', '300797.SZ', '300887.SZ', '300938.SZ', '300977.SZ', '600051.SH', '600070.SH', '600083.SH', '600128.SH', '600139.SH', '600149.SH', '600175.SH', '600212.SH', '600234.SH', '600281.SH', '600382.SH', '600556.SH', '600603.SH', '600620.SH', '600624.SH', '600730.SH', '600770.SH', '600784.SH', '600805.SH', '600811.SH', '600817.SH', '600818.SH', '603060.SH', '603183.SH']"
2020-03-18,"['000009.SZ', '000409.SZ', '000632.SZ', '000638.SZ', '000652.SZ', '000839.SZ', '002967.SZ', '300012.SZ', '300688.SZ', '300797.SZ', '300887.SZ', '300938.SZ', '300977.SZ', '600051.SH', '600070.SH', '600083.SH', '600128.SH', '600139.SH', '600149.SH', '600175.SH', '600212.SH', '600234.SH', '600281.SH', '600382.SH', '600556.SH', '600603.SH', '600620.SH', '600624.SH', '600730.SH', '600770.SH', '600784.SH', '600805.SH', '600811.SH', '600817.SH', '600818.SH', '603060.SH', '603183.SH']"
2020-08-14,"['000009.SZ', '000409.SZ', '000632.SZ', '000638.SZ', '000652.SZ', '000839.SZ', '002967.SZ', '300012.SZ', '300688.SZ', '300797.SZ', '300887.SZ', '300938.SZ', '300977.SZ', '600051.SH', '600070.SH', '600083.SH', '600128.SH', '600139.SH', '600149.SH', '600212.SH', '600234.SH', '600281.SH', '600382.SH', '600556.SH', '600603.SH', '600620.SH', '600624.SH', '600730.SH', '600770.SH', '600784.SH', '600805.SH', '600811.SH', '600817.SH', '600818.SH', '603060.SH', '603183.SH']"
2020-09-08,"['000009.SZ', '000409.SZ', '000632.SZ', '000638.SZ', '000652.SZ', '000839.SZ', '002967.SZ', '300012.SZ', '300688.SZ', '300797.SZ', '300887.SZ', '300938.SZ', '300977.SZ', '600051.SH', '600070.SH', '600083.SH', '600128.SH', '600139.SH', '600149.SH', '600212.SH', '600234.SH', '600281.SH', '600382.SH', '600603.SH', '600620.SH', '600624.SH', '600730.SH', '600770.SH', '600784.SH', '600805.SH', '600811.SH', '600817.SH', '600818.SH', '603060.SH', '603183.SH']"
2020-09-23,"['000009.SZ', '000409.SZ', '000632.SZ', '000638.SZ', '000652.SZ', '000839.SZ', '002967.SZ', '003008.SZ', '300012.SZ', '300688.SZ', '300797.SZ', '300887.SZ', '300938.SZ', '300977.SZ', '600051.SH', '600070.SH', '600083.SH', '600128.SH', '600139.SH', '600149.SH', '600212.SH', '600234.SH', '600281.SH', '600382.SH', '600603.SH', '600620.SH', '600624.SH', '600730.SH', '600770.SH', '600784.SH', '600805.SH', '600811.SH', '600817.SH', '600818.SH', '603060.SH', '603183.SH']"
2020-09-25,"['000009.SZ', '000409.SZ', '000632.SZ', '000638.SZ', '000652.SZ', '000839.SZ', '002967.SZ', '003008.SZ', '300012.SZ', '300688.SZ', '300797.SZ', '300887.SZ', '300938.SZ', '300977.SZ', '301228.SZ', '600051.SH', '600070.SH', '600083.SH', '600128.SH', '600139.SH', '600149.SH', '600212.SH', '600234.SH', '600281.SH', '600382.SH', '600603.SH', '600620.SH', '600624.SH', '600730.SH', '600770.SH', '600784.SH', '600805.SH', '600811.SH', '600817.SH', '600818.SH', '603060.SH', '603183.SH']"
2021-02-09,"['000009.SZ', '000409.SZ', '000632.SZ', '000638.SZ', '000652.SZ', '000839.SZ', '002967.SZ', '003008.SZ', '300012.SZ', '300688.SZ', '300797.SZ', '300887.SZ', '300938.SZ', '300942.SZ', '300977.SZ', '301228.SZ', '600051.SH', '600070.SH', '600083.SH', '600128.SH', '600139.SH', '600149.SH', '600212.SH', '600234.SH', '600281.SH', '600382.SH', '600603.SH', '600620.SH', '600624.SH', '600730.SH', '600770.SH', '600784.SH', '600805.SH', '600811.SH', '600817.SH', '600818.SH', '603060.SH', '603183.SH']"
2021-03-22,"['000009.SZ', '000409.SZ', '000632.SZ', '000638.SZ', '000652.SZ', '000839.SZ', '002967.SZ', '003008.SZ', '300012.SZ', '300688.SZ', '300797.SZ', '300887.SZ', '300938.SZ', '300942.SZ', '300962.SZ', '300977.SZ', '301228.SZ', '600051.SH', '600070.SH', '600083.SH', '600128.SH', '600139.SH', '600149.SH', '600212.SH', '600234.SH', '600281.SH', '600382.SH', '600603.SH', '600620.SH', '600624.SH', '600730.SH', '600770.SH', '600784.SH', '600805.SH', '600811.SH', '600817.SH', '600818.SH', '603060.SH', '603183.SH']"
2021-04-21,"['000009.SZ', '000409.SZ', '000632.SZ', '000638.SZ', '000652.SZ', '000839.SZ', '002967.SZ', '003008.SZ', '300012.SZ', '300688.SZ', '300797.SZ', '300887.SZ', '300938.SZ', '300942.SZ', '300962.SZ', '300977.SZ', '301228.SZ', '600051.SH', '600070.SH', '600083.SH', '600128.SH', '600139.SH', '600149.SH', '600212.SH', '600234.SH', '600281.SH', '600382.SH', '600603.SH', '600620.SH', '600624.SH', '600730.SH', '600770.SH', '600784.SH', '600805.SH', '600811.SH', '600817.SH', '600818.SH', '603060.SH', '603183.SH', '605098.SH']"
2021-05-14,"['000009.SZ', '000409.SZ', '000632.SZ', '000638.SZ', '000652.SZ', '000839.SZ', '002967.SZ', '003008.SZ', '300012.SZ', '300688.SZ', '300797.SZ', '300887.SZ', '300938.SZ', '300942.SZ', '300962.SZ', '300977.SZ', '301228.SZ', '600051.SH', '600070.SH', '600083.SH', '600128.SH', '600139.SH', '600149.SH', '600212.SH', '600234.SH', '600281.SH', '600382.SH', '600603.SH', '600620.SH', '600624.SH', '600730.SH', '600770.SH', '600784.SH', '600805.SH', '600811.SH', '600817.SH', '600818.SH', '603060.SH', '603183.SH', '605098.SH', '688237.SH']"
2021-06-11,"['000009.SZ', '000409.SZ', '000632.SZ', '000638.SZ', '000652.SZ', '000839.SZ', '002967.SZ', '003008.SZ', '300012.SZ', '300688.SZ', '300797.SZ', '300887.SZ', '300938.SZ', '300942.SZ', '300962.SZ', '300977.SZ', '301228.SZ', '301289.SZ', '600051.SH', '600070.SH', '600083.SH', '600128.SH', '600139.SH', '600149.SH', '600212.SH', '600234.SH', '600281.SH', '600382.SH', '600603.SH', '600620.SH', '600624.SH', '600730.SH', '600770.SH', '600784.SH', '600805.SH', '600811.SH', '600817.SH', '600818.SH', '603060.SH', '603183.SH', '605098.SH', '688237.SH']"
2021-12-13,"['000038.SZ', '000409.SZ', '000622.SZ', '000632.SZ', '000652.SZ', '000753.SZ', '000833.SZ', '000839.SZ', '002072.SZ', '002175.SZ', '300208.SZ', '300797.SZ', '600051.SH', '600070.SH', '600083.SH', '600212.SH', '600234.SH', '600382.SH', '600539.SH', '600620.SH', '600647.SH', '600668.SH', '600676.SH', '600696.SH', '600770.SH', '600783.SH', '600784.SH', '600805.SH', '600811.SH', '600881.SH']"
2022-07-29,"['000038.SZ', '000622.SZ', '000632.SZ', '000652.SZ', '000753.SZ', '000833.SZ', '002072.SZ', '002213.SZ', '300208.SZ', '600051.SH', '600070.SH', '600083.SH', '600212.SH', '600234.SH', '600515.SH', '600620.SH', '600647.SH', '600676.SH', '600689.SH', '600766.SH', '600770.SH', '600784.SH', '600805.SH', '600881.SH']"
2023-07-04,"['000025.SZ', '000038.SZ', '000421.SZ', '000622.SZ', '000632.SZ', '000652.SZ', '000753.SZ', '000833.SZ', '002758.SZ', '300208.SZ', '600051.SH', '600070.SH', '600083.SH', '600620.SH', '600673.SH', '600676.SH', '600682.SH', '600689.SH', '600766.SH', '600770.SH', '600784.SH', '600805.SH', '600881.SH']"
2023-07-12,"['000025.SZ', '000421.SZ', '000622.SZ', '000632.SZ', '000652.SZ', '000753.SZ', '000833.SZ', '002758.SZ', '300208.SZ', '600051.SH', '600070.SH', '600083.SH', '600620.SH', '600673.SH', '600676.SH', '600682.SH', '600689.SH', '600766.SH', '600770.SH', '600784.SH', '600805.SH', '600881.SH']"
2024-07-03,"['000025.SZ', '000421.SZ', '000622.SZ', '000632.SZ', '000652.SZ', '000753.SZ', '000833.SZ', '002758.SZ', '300208.SZ', '600051.SH', '600070.SH', '600083.SH', '600620.SH', '600673.SH', '600676.SH', '600682.SH', '600689.SH', '600770.SH', '600784.SH', '600805.SH', '600881.SH']"
2024-07-30,"['000025.SZ', '000421.SZ', '000523.SZ', '000622.SZ', '000632.SZ', '000652.SZ', '000753.SZ', '000833.SZ', '002758.SZ', '300208.SZ', '600051.SH', '600070.SH', '600083.SH', '600620.SH', '600673.SH', '600682.SH', '600689.SH', '600770.SH', '600784.SH', '600805.SH', '600881.SH']"
2025-03-05,"['000025.SZ', '000421.SZ', '000523.SZ', '000622.SZ', '000632.SZ', '000652.SZ', '000753.SZ', '000833.SZ', '002758.SZ', '300208.SZ', '600051.SH', '600070.SH', '600620.SH', '600673.SH', '600682.SH', '600689.SH', '600770.SH', '600784.SH', '600805.SH', '600881.SH']"
2025-04-30,"['000025.SZ', '000421.SZ', '000523.SZ', '000622.SZ', '000632.SZ', '000652.SZ', '000753.SZ', '000833.SZ', '002758.SZ', '300208.SZ', '600051.SH', '600620.SH', '600673.SH', '600682.SH', '600689.SH', '600770.SH', '600784.SH', '600805.SH', '600881.SH']"
2025-07-16,"['000025.SZ', '000421.SZ', '000523.SZ', '000632.SZ', '000652.SZ', '000753.SZ', '000833.SZ', '002758.SZ', '300208.SZ', '600051.SH', '600620.SH', '600673.SH', '600682.SH', '600689.SH', '600770.SH', '600784.SH', '600805.SH', '600881.SH']"
2025-07-21,"['000025.SZ', '000421.SZ', '000523.SZ', '000632.SZ', '000652.SZ', '000753.SZ', '000833.SZ', '002758.SZ', '600051.SH', '600620.SH', '600673.SH', '600682.SH', '600689.SH', '600770.SH', '600784.SH', '600805.SH', '600881.SH']"
2025-08-11,"['000025.SZ', '000421.SZ', '000523.SZ', '000632.SZ', '000652.SZ', '000753.SZ', '000833.SZ', '002758.SZ', '600051.SH', '600620.SH', '600673.SH', '600682.SH', '600689.SH', '600770.SH', '600805.SH', '600881.SH']"
2025-12-01,"['000025.SZ', '000421.SZ', '000523.SZ', '000632.SZ', '000652.SZ', '000753.SZ', '000833.SZ', '600051.SH', '600620.SH', '600673.SH', '600682.SH', '600689.SH', '600770.SH', '600805.SH', '600881.SH']"
